ID_Peptide,PubMed_ID,Sequence,Activity
FMDB1,18521593,DP,Ace-inhibitory
FMDB1000,18627167,PVAPLQRSGPE,Ace-inhibitory
FMDB1001,18627167,PRSGNVGESGL,Ace-inhibitory
FMDB1002,18627167,VAPSRPTPR,Ace-inhibitory
FMDB1003,18627167,DIIIPD,Ace-inhibitory
FMDB1004,18627167,PRSGNVGESGLID,Ace-inhibitory
FMDB1005,18627167,DPVAPLQRSGPEI,Ace-inhibitory
FMDB1006,18627167,DPVAPLQRSGPEIP,Ace-inhibitory
FMDB1007,18627167,PVAPLPRKGS,Ace-inhibitory
FMDB1008,18627167,DPVAPLQRSGPE,Ace-inhibitory
FMDB1009,18627167,SFTAGARTFNFDENPCDYFQGGKIKAT,Ace-inhibitory
FMDB1010,,IY,Ace-inhibitory
FMDB1011,,VVY,Ace-inhibitory
FMDB1012,,VF,Ace-inhibitory
FMDB1013,,VW,Ace-inhibitory
FMDB1016,,small oilgopeptide,Ace-inhibitory
FMDB102,24135669,LVYPFP,Ace-inhibitory
FMDB1023,22783093,LAGNGRSVGVEYV,Ace-inhibitory;Antioxidant
FMDB1024,22783093,ATQVPLVSSTSEGYTASQPLYQP,Ace-inhibitory;Antioxidant
FMDB1025,22783093,NPADLPDAG,Ace-inhibitory;Antioxidant
FMDB1026,22783093,TRHNIGFAAVDALARAWNISLA,Ace-inhibitory;Antioxidant
FMDB1027,22783093,TTTAATS,Ace-inhibitory;Antioxidant
FMDB1028,22783093,REGAAPGAA,Ace-inhibitory;Antioxidant
FMDB1029,,AHEPVK,Ace-inhibitory
FMDB1030,,GPSMR,Ace-inhibitory
FMDB1031,,IQP,Ace-inhibitory
FMDB1032,,LQP,Ace-inhibitory
FMDB1033,,IIP,Ace-inhibitory
FMDB1034,,LIP,Ace-inhibitory
FMDB1035,,LLP,Ace-inhibitory
FMDB1036,,IPP,Ace-inhibitory
FMDB1037,,LPP,Ace-inhibitory
FMDB1038,,VPP,Ace-inhibitory
FMDB1039,,IQP,Ace-inhibitory
FMDB1040,,LQP,Ace-inhibitory
FMDB1041,,IIP,Ace-inhibitory
FMDB1042,,LIP,Ace-inhibitory
FMDB1043,,LLP,Ace-inhibitory
FMDB1044,,IPP,Ace-inhibitory
FMDB1045,,LPP,Ace-inhibitory
FMDB1046,,VPP,Ace-inhibitory
FMDB1047,17483275,TEDELQDKIHP,Ace-inhibitory
FMDB1048,17483275,EMPFPKYPVEP,Ace-inhibitory
FMDB1049,17483275,MPFPKYPVEP,Ace-inhibitory
FMDB1050,17483275,ELEELNVPGE,Ace-inhibitory
FMDB1051,17483275,SQSKVLPVPQKAVPYPQ,Ace-inhibitory
FMDB1052,17483275,EPVLGVRGPFP,Ace-inhibitory
FMDB1053,17483275,VPYPQRDMPIQA,Ace-inhibitory
FMDB1054,17483275,NVPGEIVESL,Ace-inhibitory
FMDB1055,17483275,TTMLIQDEDDLEMA,Ace-inhibitory
FMDB1056,17483275,VPPFLQPEV,Ace-inhibitory
FMDB1057,17483275,EMPFPKYPVEP,Ace-inhibitory
FMDB1058,17483275,SQSKVLPVPQ,Ace-inhibitory
FMDB1059,17483275,EPVLGPVRGPFP,Ace-inhibitory
FMDB1060,17483275,TQTPVVVPFFIQPE,Ace-inhibitory
FMDB1061,17483275,NIPPLTQTPVVVPFFIQPEVMGVSK,Ace-inhibitory
FMDB1062,17483275,NIPPLTQTPVVVPFFIQ,Ace-inhibitory
FMDB1063,17483275,VVPFFIQPE,Ace-inhibitory
FMDB1064,17483275,IASGEPTSTPTTE,Ace-inhibitory
FMDB1065,17483275,IGSENSEKTTMP,Ace-inhibitory
FMDB1066,17483275,KHIQKEDVPSER,Ace-inhibitory
FMDB1067,17483275,IASGEPTSTPT,Ace-inhibitory
FMDB1068,17483275,IQKEDVPSER,Ace-inhibitory
FMDB1069,17483275,IASGEPTSTPTTEA,Ace-inhibitory
FMDB1070,17483275,LSKDIGSESTEDQAMED,Ace-inhibitory
FMDB1071,17483275,IVPNSVEQKH,Ace-inhibitory
FMDB1072,,LVYPFPGPIHNSLPQ,Ace-inhibitory
FMDB1129,23806758,VGGASLKPEF,Ace-inhibitory
FMDB1130,23806758,VGLDTTKF,Ace-inhibitory
FMDB1131,23806758,EVGGEALGRL,Ace-inhibitory
FMDB1132,23806758,QLGKAGIM,Ace-inhibitory
FMDB1133,23806758,ASDPIL,Ace-inhibitory
FMDB1134,23806758,ASDPILYRPVA,Ace-inhibitory
FMDB1135,23806758,PILYRPVA,Ace-inhibitory
FMDB1136,23806758,SKHPGDFGAD,Ace-inhibitory
FMDB1137,23806758,IVPIVE,Ace-inhibitory
FMDB1138,23806758,AAVYKALSDHHIY,Ace-inhibitory
FMDB1139,23806758,LSGGQSEEEASINL,Ace-inhibitory
FMDB1140,23806758,FISNHAY,Ace-inhibitory
FMDB1141,23806758,SPLPVIPH,Ace-inhibitory
FMDB1142,23806758,KLDVKGKRVVM,Ace-inhibitory
FMDB1143,23806758,MSHLGRPD,Ace-inhibitory
FMDB1144,23806758,IKWGDAGATY,Ace-inhibitory
FMDB1145,23806758,GDAGATY,Ace-inhibitory
FMDB1146,23806758,VVESTGVF,Ace-inhibitory
FMDB1147,23806758,GYSNRVVDL,Ace-inhibitory
FMDB1148,23806758,AMQKIF,Ace-inhibitory
FMDB1149,23806758,DSRGNPTVEVD,Ace-inhibitory
FMDB115,26996626;17483275,GPVRGPFPIIV,Ace-inhibitory
FMDB1150,23806758,KVVIGM,Ace-inhibitory
FMDB1151,23806758,VVIGM,Ace-inhibitory
FMDB1152,23806758,IKNYPVVSIED,Ace-inhibitory
FMDB1153,23806758,NTNHGRILL,Ace-inhibitory
FMDB1154,23806758,GTHIAKTL,Ace-inhibitory
FMDB1155,23806758,PSAVAKHFVA,Ace-inhibitory
FMDB1156,23806758,VIQTGVD,Ace-inhibitory
FMDB1157,23806758,VGSVF,Ace-inhibitory
FMDB1158,23806758,GGKDQRLP,Ace-inhibitory
FMDB1159,23806758,LVGGASLKPEF,Ace-inhibitory
FMDB116,26996626;17483275,GPVRGPFPIIV,Ace-inhibitory
FMDB1160,23806758,KSLLGK,Ace-inhibitory
FMDB1161,23806758,KSLLGKD,Ace-inhibitory
FMDB1162,23806758,KSLLGKDVL,Ace-inhibitory
FMDB1163,23806758,LEGKVLPGVDALS,Ace-inhibitory
FMDB1164,23806758,PFGNTHNKYKLNF,Ace-inhibitory
FMDB1165,23806758,PGHPFIM,Ace-inhibitory
FMDB1166,23806758,IDDHFL,Ace-inhibitory
FMDB1167,23806758,KPVSPLL,Ace-inhibitory
FMDB1168,23806758,TAAVGSVF,Ace-inhibitory
FMDB1169,23806758,YVTAIRNL,Ace-inhibitory
FMDB117,26996626;17483275,GPVRGPFPIIV,Ace-inhibitory
FMDB1170,23806758,VILFH,Ace-inhibitory
FMDB1171,23806758,AAVYKALSDHHIYL,Ace-inhibitory
FMDB1172,23806758,YKALSDHHIYL,Ace-inhibitory
FMDB1173,23806758,VDTSKGFLID,Ace-inhibitory
FMDB1174,23806758,PILYRPVAVA,Ace-inhibitory
FMDB1175,23806758,QQAVRAIVSCFPN,Ace-inhibitory
FMDB1176,23806758,QLVMFVLQL,Ace-inhibitory
FMDB1177,23806758,FISNHAY,Ace-inhibitory
FMDB1178,23806758,AMQKIF,Ace-inhibitory
FMDB1179,23806758,LKTAIQAAGYPDKV,Ace-inhibitory
FMDB118,26996626;17483275,GPVRGPFPIIV,Ace-inhibitory
FMDB1180,23806758,IKNYPVVSIED,Ace-inhibitory
FMDB1181,23806758,AAVYKALSDHHIY,Ace-inhibitory
FMDB1182,23806758,SDHHIYL,Ace-inhibitory
FMDB1183,23806758,LSGGQSEEEASINL,Ace-inhibitory
FMDB1184,23806758,TFSYGRALQA,Ace-inhibitory
FMDB1185,23806758,FISNHAY,Ace-inhibitory
FMDB1186,23806758,MVLPPP,Ace-inhibitory
FMDB1187,23806758,VGLDTTKF,Ace-inhibitory
FMDB1188,23806758,VGGASLKPEF,Ace-inhibitory
FMDB1189,23806758,SPLPVIPH,Ace-inhibitory
FMDB1190,23806758,MPQQIGVP,Ace-inhibitory
FMDB1191,23806758,KETPSGFTLD,Ace-inhibitory
FMDB1192,23806758,VIQTGVD,Ace-inhibitory
FMDB1193,23806758,YYKATEPVI,Ace-inhibitory
FMDB1194,23806758,PAKIEAF,Ace-inhibitory
FMDB1195,25218972,LAFNPTQLEGQCHV,Ace-inhibitory
FMDB1203,10908049,FVAPFPQV,Ace-inhibitory
FMDB1206,10966406,QSKVLPVPE,Ace-inhibitory
FMDB1207,10966406,SLSQSKVLPVPE,Ace-inhibitory
FMDB1208,10966406,KVKPVPEKAVPYPQ,Ace-inhibitory
FMDB1212,10966406,GVSKVEAMAPKHKEM PFPKYPVQPF,Ace-inhibitory
FMDB1214,10966406,GPVRGPFPIIV,Ace-inhibitory
FMDB1215,10966406,TQTPVVVPPFLQPEVM,Ace-inhibitory
FMDB1224,10908049,FVAPFPQV,Ace-inhibitory
FMDB1227,10966406,QSKVLPVPE,Ace-inhibitory
FMDB1228,10966406,SLSQSKVLPVPE,Ace-inhibitory
FMDB1229,10966406,KVKPVPEKAVPYPQ,Ace-inhibitory
FMDB1233,10966406,GVSKVEAMAPKHKEM PFPKYPVQPF,Ace-inhibitory
FMDB1235,10966406,GPVRGPFPIIV,Ace-inhibitory
FMDB1236,10966406,TQTPVVVPPFLQPEVM,Ace-inhibitory
FMDB1239,10908049,RPKHPIKHQ,Ace-inhibitory
FMDB1240,10908049,RPKHPIKHQ,Ace-inhibitory
FMDB1241,10908049,FPGP,Ace-inhibitory
FMDB1242,10908049,FPGP,Ace-inhibitory
FMDB1244,10908049,KAVPYPQE,Ace-inhibitory
FMDB1245,10908049,KAVPYPQE,Ace-inhibitory
FMDB1247,10908049,TESQSLTLT,Ace-inhibitory
FMDB1248,10966406,NVPGEIVE,Ace-inhibitory
FMDB1249,10966406,NVPGEIVE,Ace-inhibitory
FMDB1250,10966406,SWM,Ace-inhibitory
FMDB1251,10966406,SWM,Ace-inhibitory
FMDB1252,10966406,KVLPVPE,Ace-inhibitory
FMDB1253,10966406,DKIHPF,Ace-inhibitory
FMDB1254,10966406,SLSQKVLPVPE,Ace-inhibitory
FMDB1255,10966406,SLSQKVLPVPE,Ace-inhibitory
FMDB1256,10966406,RDMPIQAF,Ace-inhibitory
FMDB1257,10966406,RDMPIQAF,Ace-inhibitory
FMDB1268,10966406,HKEMPFPKYPVQPF,Ace-inhibitory
FMDB1269,10966406,HKEMPFPKYPVQPF,Ace-inhibitory
FMDB1272,10966406,QQPVLGPVRGPFPIIV,Ace-inhibitory
FMDB1273,10966406,QQPVLGPVRGPFPIIV,Ace-inhibitory
FMDB1274,10966406,YQQPVLGPVRGPFPIIV,Ace-inhibitory
FMDB1275,10966406,SLPQNIPPLTQTPVV.QPEVM,Ace-inhibitory
FMDB1276,10966406,SLPQNIPPLTQTPVV.QPEVM,Ace-inhibitory
FMDB1280,10966406,SLPQNIPPLTQTPVV.AMAPK,Ace-inhibitory
FMDB1290,,VLSRYP,Ace-inhibitory
FMDB1291,,LRFF,Ace-inhibitory
FMDB1326,23845432,VLGP,Ace-inhibitory
FMDB1327,23845432,VLGP,Ace-inhibitory
FMDB1328,23845432,VLGP,Ace-inhibitory
FMDB1329,23845432,PGPIHN,Ace-inhibitory
FMDB1330,23845432,PGPIHN,Ace-inhibitory
FMDB1331,23845432,LLQSW,Ace-inhibitory
FMDB1332,23845432,IPPLTQ,Ace-inhibitory
FMDB1333,23845432,IPPLTQ,Ace-inhibitory
FMDB1334,23845432,VRGPFP,Ace-inhibitory
FMDB1335,23845432,VRGPFP,Ace-inhibitory
FMDB1336,23845432,VRGPFP,Ace-inhibitory
FMDB1337,23845432,VRGPFP,Ace-inhibitory
FMDB1338,23845432,RELEE,Ace-inhibitory
FMDB1339,23845432,RELEE,Ace-inhibitory
FMDB1340,23845432,RELEE,Ace-inhibitory
FMDB1341,23845432,FAQTQS,Ace-inhibitory
FMDB1342,23845432,FAQTQS,Ace-inhibitory
FMDB1343,23845432,FAQTQS,Ace-inhibitory
FMDB1344,23845432,FAQTQS,Ace-inhibitory
FMDB1345,23845432,LHLPLP,Ace-inhibitory
FMDB1346,23845432,LHLPLP,Ace-inhibitory
FMDB1347,23845432,LHLPLP,Ace-inhibitory
FMDB1348,23845432,LHLPLP,Ace-inhibitory
FMDB1349,23845432,LHLPLP,Ace-inhibitory
FMDB1350,23845432,FTESQS,Ace-inhibitory
FMDB1351,23845432,FTESQS,Ace-inhibitory
FMDB1352,23845432,FTESQS,Ace-inhibitory
FMDB1353,23845432,FTESQS,Ace-inhibitory
FMDB1354,23845432,PQRDMP,Ace-inhibitory
FMDB1355,23845432,PQRDMP,Ace-inhibitory
FMDB1356,23845432,PQRDMP,Ace-inhibitory
FMDB1357,23845432,LLYQEP,Ace-inhibitory
FMDB1358,23845432,LLYQEP,Ace-inhibitory
FMDB1359,23845432,LLYQEP,Ace-inhibitory
FMDB1360,23845432,LQPEVMG,Ace-inhibitory
FMDB1361,23845432,LQPEVMG,Ace-inhibitory
FMDB1362,23845432,VLPVPQK,Ace-inhibitory
FMDB1363,23845432,VLPVPQK,Ace-inhibitory
FMDB1364,23845432,VLPVPQK,Ace-inhibitory
FMDB1365,23845432,VLPVPQK,Ace-inhibitory
FMDB1366,23845432,LHLPLPL,Ace-inhibitory
FMDB1367,23845432,LHLPLPL,Ace-inhibitory
FMDB1368,23845432,ITRINKK,Ace-inhibitory
FMDB1369,23845432,LTLTDVEN,Ace-inhibitory
FMDB1370,23845432,LTLTDVEN,Ace-inhibitory
FMDB1371,23845432,LHLPLPLL,Ace-inhibitory
FMDB1372,23845432,LHLPLPLL,Ace-inhibitory
FMDB1373,23845432,VRGPFPIIV,Ace-inhibitory
FMDB1374,23845432,VRGPFPIIV,Ace-inhibitory
FMDB1375,23845432,VRGPFPIIV,Ace-inhibitory
FMDB1376,23845432,VRGPFPIIV,Ace-inhibitory
FMDB1377,23845432,VLGPVRGPFP,Ace-inhibitory
FMDB1378,23845432,LTQTPVVVPPF,Ace-inhibitory
FMDB1379,23845432,LTQTPVVVPPF,Ace-inhibitory
FMDB1380,23845432,LTQTPVVVPPF,Ace-inhibitory
FMDB1381,23845432,LLRF,Ace-inhibitory
FMDB1382,23845432,LLRF,Ace-inhibitory
FMDB1383,23845432,LLRF,Ace-inhibitory
FMDB1384,23845432,LGTQY,Ace-inhibitory
FMDB1385,23845432,FRQF,Ace-inhibitory
FMDB1386,23845432,RPKHP,Ace-inhibitory
FMDB1387,23845432,FVAPFP,Ace-inhibitory
FMDB1388,23845432,FVAPFP,Ace-inhibitory
FMDB1389,23845432,FVAPFP,Ace-inhibitory
FMDB1390,23845432,FVAPFP,Ace-inhibitory
FMDB1391,23845432,FVAPFP,Ace-inhibitory
FMDB1392,23845432,LEIVPK,Ace-inhibitory
FMDB1393,23845432,LEIVPK,Ace-inhibitory
FMDB1394,23845432,LEIVPK,Ace-inhibitory
FMDB1395,23845432,VLNENL,Ace-inhibitory
FMDB1396,23845432,VLNENL,Ace-inhibitory
FMDB1397,23845432,VLNENL,Ace-inhibitory
FMDB1398,23845432,VLNENL,Ace-inhibitory
FMDB1399,23845432,LHSMKEG,Ace-inhibitory
FMDB1400,23845432,FPEVFGK,Ace-inhibitory
FMDB1401,23845432,IPNPIGSE,Ace-inhibitory
FMDB1405,23845432,VVVPPF,Ace-inhibitory
FMDB1406,23845432,VVVPPF,Ace-inhibitory
FMDB1407,23845432,VRGPFP,Ace-inhibitory
FMDB1408,23845432,VRGPFP,Ace-inhibitory
FMDB1409,23845432,VRGPFP,Ace-inhibitory
FMDB1410,23845432,VRGPFP,Ace-inhibitory
FMDB1411,23845432,VRGPFP,Ace-inhibitory
FMDB1412,23845432,VRGPFP,Ace-inhibitory
FMDB1413,23845432,VRGPFP,Ace-inhibitory
FMDB1414,23845432,VRGPFP,Ace-inhibitory
FMDB1415,23845432,VRGPFP,Ace-inhibitory
FMDB1416,23845432,VRGPFP,Ace-inhibitory
FMDB1417,23845432,VRGPFP,Ace-inhibitory
FMDB1418,23845432,VRGPFP,Ace-inhibitory
FMDB1449,23845432,LHLPLP,Ace-inhibitory
FMDB1450,23845432,LHLPLP,Ace-inhibitory
FMDB1451,23845432,LHLPLP,Ace-inhibitory
FMDB1452,23845432,LHLPLP,Ace-inhibitory
FMDB1453,23845432,LHLPLP,Ace-inhibitory
FMDB1454,23845432,LHLPLP,Ace-inhibitory
FMDB1455,23845432,LHLPLP,Ace-inhibitory
FMDB1456,23845432,LHLPLP,Ace-inhibitory
FMDB1457,23845432,LHLPLP,Ace-inhibitory
FMDB1458,23845432,LHLPLP,Ace-inhibitory
FMDB1459,23845432,LHLPLP,Ace-inhibitory
FMDB1460,23845432,LHLPLP,Ace-inhibitory
FMDB1461,23845432,LHLPLP,Ace-inhibitory
FMDB1462,23845432,LHLPLP,Ace-inhibitory
FMDB1463,23845432,LHLPLP,Ace-inhibitory
FMDB1482,23845432,VSKVKET,Ace-inhibitory
FMDB1502,23845432,LHLPLPL,Ace-inhibitory
FMDB1503,23845432,LHLPLPL,Ace-inhibitory
FMDB1504,23845432,LHLPLPL,Ace-inhibitory
FMDB1505,23845432,LHLPLPL,Ace-inhibitory
FMDB1506,23845432,LHLPLPL,Ace-inhibitory
FMDB1514,23845432,LQDKIHP,Ace-inhibitory
FMDB1515,23845432,LQDKIHP,Ace-inhibitory
FMDB1524,23845432,VRGPFPIIV,Ace-inhibitory
FMDB1525,23845432,VRGPFPIIV,Ace-inhibitory
FMDB1526,23845432,VRGPFPIIV,Ace-inhibitory
FMDB1527,23845432,VRGPFPIIV,Ace-inhibitory
FMDB1528,23845432,VRGPFPIIV,Ace-inhibitory
FMDB1529,23845432,VRGPFPIIV,Ace-inhibitory
FMDB1530,23845432,VRGPFPIIV,Ace-inhibitory
FMDB1531,23845432,VRGPFPIIV,Ace-inhibitory
FMDB1532,23845432,VRGPFPIIV,Ace-inhibitory
FMDB1533,23845432,VRGPFPIIV,Ace-inhibitory
FMDB1534,23845432,VRGPFPIIV,Ace-inhibitory
FMDB1535,23845432,VRGPFPIIV,Ace-inhibitory
FMDB1536,23845432,VRGPFPIIV,Ace-inhibitory
FMDB1537,23845432,VRGPFPIIV,Ace-inhibitory
FMDB1538,23845432,VRGPFPIIV,Ace-inhibitory
FMDB1539,23845432,VLGPVRGPFP,Ace-inhibitory
FMDB1543,23845432,LLRF,Ace-inhibitory
FMDB1544,23845432,LLRF,Ace-inhibitory
FMDB1545,23845432,LLRF,Ace-inhibitory
FMDB1592,,VRGP,Ace-inhibitory
FMDB1596,,DKIHP,Ace-inhibitory
FMDB1598,,DKIHPF,Ace-inhibitory
FMDB1599,,QP,Ace-inhibitory
FMDB1600,,PP,Ace-inhibitory
FMDB1609,,PP,Ace-inhibitory
FMDB1615,,DKIHP,Ace-inhibitory
FMDB1618,,DKIHPF,Ace-inhibitory
FMDB1622,,DKIHP,Ace-inhibitory
FMDB1623,,DKIHPF,Ace-inhibitory
FMDB1625,,QP,Ace-inhibitory
FMDB1626,,PP,Ace-inhibitory
FMDB1627,,FP,Ace-inhibitory
FMDB1628,,PFP,Ace-inhibitory
FMDB1629,,QP,Ace-inhibitory
FMDB1630,,PP,Ace-inhibitory
FMDB1631,,HPIK,Ace-inhibitory
FMDB1633,,DKIHP,Ace-inhibitory
FMDB1634,,DKIHPF,Ace-inhibitory
FMDB1636,,PKHP,Ace-inhibitory
FMDB1638,,QP,Ace-inhibitory
FMDB1639,,FP,Ace-inhibitory
FMDB1645,,DKIHP,Ace-inhibitory
FMDB1647,,DKIHPF,Ace-inhibitory
FMDB1669,,YQEPVLGPVRGPFPIIV,Ace-inhibitory
FMDB173,16899668,LHLPLP,Ace-inhibitory
FMDB174,16899668,LHLPLPL,Ace-inhibitory
FMDB175,16899668,LVYPFPGPIPNSLPQNIPP,Ace-inhibitory
FMDB176,16899668,VLGPVRGPFP,Ace-inhibitory
FMDB177,16899668,VRGPFPIIV,Ace-inhibitory
FMDB178,,VPP,Ace-inhibitory;Anti-hypertensive
FMDB179,,IPP,Ace-inhibitory;Anti-hypertensive
FMDB1818,15328207,ALPM,Ace-inhibitory
FMDB1820,,FVAPFPE,Ace-inhibitory
FMDB1821,,VAPFP,Ace-inhibitory
FMDB1822,,VAPFPE,Ace-inhibitory
FMDB1832,,LGTQY,Ace-inhibitory
FMDB1833,,DIPNP,Ace-inhibitory
FMDB1838,,AVPITPT,Ace-inhibitory
FMDB1839,,PITPT,Ace-inhibitory
FMDB1840,,TKVIPY,Ace-inhibitory
FMDB1843,,VYPFP,Ace-inhibitory
FMDB1844,,IPPL,Ace-inhibitory
FMDB1849,,LHLPLP,Ace-inhibitory
FMDB1850,,HLPLP,Ace-inhibitory
FMDB1852,,VMFPPQS,Ace-inhibitory
FMDB1857,,FVAPFPE,Ace-inhibitory
FMDB1876,,IPPLTQTP,Ace-inhibitory
FMDB1878,,VSKVKE,Ace-inhibitory
FMDB1884,,FTESQS,Ace-inhibitory
FMDB1885,,LTLTDVEN,Ace-inhibitory
FMDB1886,,LHLPLP,Ace-inhibitory
FMDB1889,,HLPLP,Ace-inhibitory
FMDB1891,,LPLPLLQS,Ace-inhibitory
FMDB1895,,VMFPPQS,Ace-inhibitory
FMDB1898,,MPIQA,Ace-inhibitory
FMDB1901,,GPVRGPFP,Ace-inhibitory
FMDB1902,,GPVRGPFPI,Ace-inhibitory
FMDB1904,,SPPEINT,Ace-inhibitory
FMDB1905,,YPYY,Ace-inhibitory
FMDB1906,,YPYY,Ace-inhibitory
FMDB1972,19619856,IPP,Ace-inhibitory
FMDB1973,19619856,VPP,Ace-inhibitory
FMDB1974,19619856,IPP,Ace-inhibitory
FMDB1975,19619856,VPP,Ace-inhibitory
FMDB1976,12843654,IFL,Ace-inhibitory
FMDB1977,12843654,WL,Ace-inhibitory
FMDB1978,12843654,VLSLSQPKVLPVPQKAVPQ,Ace-inhibitory
FMDB1980,12358510,VY,Ace-inhibitory
FMDB1981,12358510,IY,Ace-inhibitory
FMDB1982,12358510,AW,Ace-inhibitory
FMDB1983,12358510,FY,Ace-inhibitory
FMDB1984,12358510,VW,Ace-inhibitory
FMDB1985,12358510,IW,Ace-inhibitory
FMDB1986,12358510,LW,Ace-inhibitory
FMDB1987,12358510,VY,Ace-inhibitory
FMDB1988,12358510,IY,Ace-inhibitory
FMDB1989,12358510,AW,Ace-inhibitory
FMDB1990,12358510,FY,Ace-inhibitory
FMDB1991,12358510,VW,Ace-inhibitory
FMDB1992,12358510,IW,Ace-inhibitory
FMDB1993,12358510,LW,Ace-inhibitory
FMDB1994,19994857,AW,Ace-inhibitory;Anti-hypertensive
FMDB1995,19994857,GW,Ace-inhibitory;Anti-hypertensive
FMDB1996,19994857,AY,Ace-inhibitory;Anti-hypertensive
FMDB1997,19994857,SY,Ace-inhibitory;Anti-hypertensive
FMDB1998,19994857,GY,Ace-inhibitory;Anti-hypertensive
FMDB1999,19994857,AF,Ace-inhibitory;Anti-hypertensive
FMDB2,18521593,GTG,Ace-inhibitory
FMDB2000,19994857,VP,Ace-inhibitory;Anti-hypertensive
FMDB2001,19994857,AI,Ace-inhibitory;Anti-hypertensive
FMDB2002,19994857,VG,Ace-inhibitory;Anti-hypertensive
FMDB2003,25151888;12369200,VPP,Ace-inhibitory;Anti-hypertensive
FMDB2004,25151888;12369200,IPP,Ace-inhibitory;Anti-hypertensive
FMDB2005,25151888;12369200,VPP,Ace-inhibitory;Anti-hypertensive
FMDB2006,25151888;12369200,IPP,Ace-inhibitory;Anti-hypertensive
FMDB2007,25151888;12369200,VPP,Ace-inhibitory;Anti-hypertensive
FMDB2008,25151888;12369200,VPP,Ace-inhibitory;Anti-hypertensive
FMDB2009,25151888;12369200,IPP,Ace-inhibitory;Anti-hypertensive
FMDB2010,25151888;12369200,VPP,Ace-inhibitory;Anti-hypertensive
FMDB2011,25151888;12369200,IPP,Ace-inhibitory;Anti-hypertensive
FMDB2012,25151888;12369200,VPP,Ace-inhibitory;Anti-hypertensive
FMDB2013,25151888;12369200,IPP,Ace-inhibitory;Anti-hypertensive
FMDB2014,25151888;12369200,VPP,Ace-inhibitory;Anti-hypertensive
FMDB2015,25151888;12369200,IPP,Ace-inhibitory;Anti-hypertensive
FMDB2016,25151888;12369200,VPP,Ace-inhibitory;Anti-hypertensive
FMDB2017,25151888;12369200,IPP,Ace-inhibitory;Anti-hypertensive
FMDB2018,25151888;12369200,VPP,Ace-inhibitory;Anti-hypertensive
FMDB2019,25151888;12369200,IPP,Ace-inhibitory;Anti-hypertensive
FMDB2020,25151888;12369200,VPP,Ace-inhibitory;Anti-hypertensive
FMDB2021,25151888;12369200,VPP,Ace-inhibitory;Anti-hypertensive
FMDB2022,25151888;12369200,IPP,Ace-inhibitory;Anti-hypertensive
FMDB2023,25151888;12369200,VPP,Ace-inhibitory;Anti-hypertensive
FMDB2024,25151888;12369200,VPP,Ace-inhibitory;Anti-hypertensive
FMDB2025,25151888;12369200,IPP,Ace-inhibitory;Anti-hypertensive
FMDB2026,25151888;12369200,VPP,Ace-inhibitory;Anti-hypertensive
FMDB2027,25151888;12369200,IPP,Ace-inhibitory;Anti-hypertensive
FMDB2028,25151888;12369200,VPP,Ace-inhibitory;Anti-hypertensive
FMDB2029,25151888;12369200,IPP,Ace-inhibitory;Anti-hypertensive
FMDB203,,AIPPKKNQD,Ace-inhibitory
FMDB2030,25151888;12369200,VPP,Ace-inhibitory;Anti-hypertensive
FMDB2031,25151888;12369200,IPP,Ace-inhibitory;Anti-hypertensive
FMDB2032,25151888;12369200,VPP,Ace-inhibitory;Anti-hypertensive
FMDB2033,25151888;12369200,IPP,Ace-inhibitory;Anti-hypertensive
FMDB2034,25151888;12369200,IPP,Ace-inhibitory;Anti-hypertensive
FMDB2035,25151888;12369200,IPP,Ace-inhibitory;Anti-hypertensive
FMDB2036,25151888;12369200,VPP,Ace-inhibitory;Anti-hypertensive
FMDB2037,25151888;12369200,IPP,Ace-inhibitory;Anti-hypertensive
FMDB2038,25151888;12369200,VPP,Ace-inhibitory;Anti-hypertensive
FMDB2039,25151888;12369200,IPP,Ace-inhibitory;Anti-hypertensive
FMDB204,,RLSFNP,Ace-inhibitory
FMDB2040,25151888;12369200,IPP,Ace-inhibitory;Anti-hypertensive
FMDB2041,,AEKTK,Ace-inhibitory
FMDB2042,,AQSAP,Ace-inhibitory
FMDB2043,,IPAVF,Ace-inhibitory
FMDB2044,,APLRV,Ace-inhibitory
FMDB2045,,AHKAL,Ace-inhibitory
FMDB206,22103626;8201050,SKVLPVPQ,Ace-inhibitory
FMDB2065,12957917,LVYPFPGPIPNSLPQNIPP,Ace-inhibitory
FMDB2066,12957917,FVAPFPEVFGKEKVNELSKDIGSE,Ace-inhibitory
FMDB2067,12957917,LGTQYTDAPSFSDIPNPIGSENSEK,Ace-inhibitory
FMDB2068,12957917,LVYPFPGPIPNSLPQNIPP,Ace-inhibitory
FMDB2069,12957917,FVAPFPEVFGKEKVNELSKDIGSE,Ace-inhibitory
FMDB207,22103626;8201050,SKVLPVPQ,Ace-inhibitory
FMDB2070,12957917,LVYPFPGPIPNSLPQNIPP,Ace-inhibitory
FMDB2071,12957917,RPKHPI,Ace-inhibitory
FMDB2072,12957917,RPKH,Ace-inhibitory
FMDB2073,12957917,HPIKH,Ace-inhibitory
FMDB2074,12957917,TVDQ,Ace-inhibitory
FMDB2075,12957917,HQK,Ace-inhibitory
FMDB2076,12957917,LVYPFPGP,Ace-inhibitory
FMDB2077,12957917,TVDQHQ,Ace-inhibitory
FMDB2078,12957917,LVYPFPGPI,Ace-inhibitory
FMDB2079,12957917,QPQ,Ace-inhibitory
FMDB208,22103626;8201050,SKVLPVPQ,Ace-inhibitory
FMDB2080,12957917,VPQ,Ace-inhibitory
FMDB2081,12957917,IPQ,Ace-inhibitory
FMDB209,22103626;8201050,SKVLPVPQ,Ace-inhibitory
FMDB210,22103626;8201050,SKVLPVPQ,Ace-inhibitory
FMDB211,22103626;8201050,SKVLPVPQ,Ace-inhibitory
FMDB212,22103626;8201050,SKVLPVPQ,Ace-inhibitory
FMDB2129,,KAVPYPQRDMPIQ,Ace-inhibitory
FMDB213,22103626;8201050,SKVLPVPQ,Ace-inhibitory
FMDB2131,,AVPYPQRDMPI,Ace-inhibitory
FMDB214,22103626;8201050,SKVLPVPQ,Ace-inhibitory
FMDB2148,,YYEQPVLGPVRGPFPIIV,Ace-inhibitory
FMDB2149,,LYQEPVLGPVRGPF,Ace-inhibitory
FMDB215,22103626;8201050,SKVLPVPQ,Ace-inhibitory
FMDB2150,,LLYQEPVLGPVRGPF,Ace-inhibitory
FMDB216,22103626;8880454,KVLPVPQ,Ace-inhibitory
FMDB2167,15537298,LHLPLPLL,Ace-inhibitory
FMDB2168,15537298,NLHLPLPLL,Ace-inhibitory
FMDB2169,15537298,VENLHLPLPL,Ace-inhibitory
FMDB217,22103626;8880454,KVLPVPQ,Ace-inhibitory
FMDB2170,15537298,DVENLHLPLPLLQSW,Ace-inhibitory
FMDB2171,15537298,KYPVEPFTESQSLTLTDVENLHL,Ace-inhibitory
FMDB2172,15537298,FVAPFPEVFGKEKVNELSKDIGS,Ace-inhibitory
FMDB2173,15537298,NENLLRFFVAPFPE,Ace-inhibitory
FMDB2174,15537298,LGPVRGPFPI,Ace-inhibitory
FMDB2175,15537298,QKAVPYPQRDMPI,Ace-inhibitory
FMDB2176,15537298,LPQYLKTVYQHQKA,Ace-inhibitory
FMDB2177,15978996,EVMAGNLYPG,Ace-inhibitory
FMDB2178,,QPQQRGQSSRP,Ace-inhibitory
FMDB218,22103626;8880454,KVLPVPQ,Ace-inhibitory
FMDB2180,,GQTSSPDIYNP,Ace-inhibitory
FMDB2182,,KGKDKHCQRP,Ace-inhibitory
FMDB2184,,QARQIKNNNP,Ace-inhibitory
FMDB219,22103626;8880454,KVLPVPQ,Ace-inhibitory
FMDB220,22103626;8880454,KVLPVPQ,Ace-inhibitory
FMDB2202,,LVQGS,Ace-inhibitory
FMDB2203,,AF,Ace-inhibitory
FMDB2204,,FI,Ace-inhibitory
FMDB2205,,IF,Ace-inhibitory
FMDB221,22103626;8880454,KVLPVPQ,Ace-inhibitory
FMDB222,22103626;8880454,KVLPVPQ,Ace-inhibitory
FMDB223,22103626;8880454,KVLPVPQ,Ace-inhibitory
FMDB224,22103626;8880454,KVLPVPQ,Ace-inhibitory
FMDB225,22103626;8880454,KVLPVPQ,Ace-inhibitory
FMDB23,10416158,YP,Ace-inhibitory
FMDB230,22103626;8201050,RDMPIQAF,Ace-inhibitory
FMDB231,22103626;8201050,RDMPIQAF,Ace-inhibitory
FMDB232,22103626;8201050,RDMPIQAF,Ace-inhibitory
FMDB233,22103626;8201050,RDMPIQAF,Ace-inhibitory
FMDB234,22103626;8201050,RDMPIQAF,Ace-inhibitory
FMDB235,22103626;8201050,RDMPIQAF,Ace-inhibitory
FMDB236,22103626;8201050,RDMPIQAF,Ace-inhibitory
FMDB237,22103626;8201050,RDMPIQAF,Ace-inhibitory
FMDB238,22103626;8201050,RDMPIQAF,Ace-inhibitory
FMDB239,22103626;8201050,RDMPIQAF,Ace-inhibitory
FMDB24,10416158,YP,Ace-inhibitory
FMDB240,22103626;8201050;17407211,LLYQEPVLGPVRGPFPIIV,Ace-inhibitory;Immunomodulatory
FMDB241,22103626;8201050;17407211,LLYQEPVLGPVRGPFPIIV,Ace-inhibitory;Immunomodulatory
FMDB242,22103626;8201050;17407211,LLYQEPVLGPVRGPFPIIV,Ace-inhibitory;Immunomodulatory
FMDB243,22103626;8201050;17407211,LLYQEPVLGPVRGPFPIIV,Ace-inhibitory;Immunomodulatory
FMDB244,22103626;8201050;17407211,LLYQEPVLGPVRGPFPIIV,Ace-inhibitory;Immunomodulatory
FMDB245,22103626;8201050;17407211,LLYQEPVLGPVRGPFPIIV,Ace-inhibitory;Immunomodulatory
FMDB246,22103626;8201050;17407211,LLYQEPVLGPVRGPFPIIV,Ace-inhibitory;Immunomodulatory
FMDB247,22103626;8201050;17407211,LLYQEPVLGPVRGPFPIIV,Ace-inhibitory;Immunomodulatory
FMDB248,22103626;8201050;17407211,LLYQEPVLGPVRGPFPIIV,Ace-inhibitory;Immunomodulatory
FMDB249,22103626;8201050;17407211,LLYQEPVLGPVRGPFPIIV,Ace-inhibitory;Immunomodulatory
FMDB25,10416158,YP,Ace-inhibitory
FMDB260,22103626,YQEPVL,Ace-inhibitory
FMDB261,22103626,YQEPVL,Ace-inhibitory
FMDB262,22103626,YQEPVL,Ace-inhibitory
FMDB263,22103626,YQEPVL,Ace-inhibitory
FMDB264,22103626,YQEPVL,Ace-inhibitory
FMDB265,22103626,YQEPVL,Ace-inhibitory
FMDB266,22103626,YQEPVL,Ace-inhibitory
FMDB267,22103626,YQEPVL,Ace-inhibitory
FMDB268,22103626,YQEPVL,Ace-inhibitory
FMDB269,22103626,YQEPVL,Ace-inhibitory
FMDB270,22103626;8201050,YQEPVLGPVR,Ace-inhibitory
FMDB271,22103626;8201050,YQEPVLGPVR,Ace-inhibitory
FMDB272,22103626;8201050,YQEPVLGPVR,Ace-inhibitory
FMDB273,22103626;8201050,YQEPVLGPVR,Ace-inhibitory
FMDB274,22103626;8201050,YQEPVLGPVR,Ace-inhibitory
FMDB275,22103626;8201050,YQEPVLGPVR,Ace-inhibitory
FMDB276,22103626;8201050,YQEPVLGPVR,Ace-inhibitory
FMDB277,22103626;8201050,YQEPVLGPVR,Ace-inhibitory
FMDB278,22103626;8201050,YQEPVLGPVR,Ace-inhibitory
FMDB279,22103626;8201050,YQEPVLGPVR,Ace-inhibitory
FMDB290,22103626;17483275,GPVRGPFPIIV,Ace-inhibitory
FMDB291,22103626;17483275,GPVRGPFPIIV,Ace-inhibitory
FMDB292,22103626;17483275,GPVRGPFPIIV,Ace-inhibitory
FMDB293,22103626;17483275,GPVRGPFPIIV,Ace-inhibitory
FMDB294,22103626;17483275,GPVRGPFPIIV,Ace-inhibitory
FMDB295,22103626;17483275,GPVRGPFPIIV,Ace-inhibitory
FMDB296,22103626;17483275,GPVRGPFPIIV,Ace-inhibitory
FMDB297,22103626;17483275,GPVRGPFPIIV,Ace-inhibitory
FMDB298,22103626;17483275,GPVRGPFPIIV,Ace-inhibitory
FMDB299,22103626;17483275,GPVRGPFPIIV,Ace-inhibitory
FMDB3,18521593,ST,Ace-inhibitory
FMDB300,22103626;16448175,VRGPFPIIV,Ace-inhibitory
FMDB301,22103626;16448175,VRGPFPIIV,Ace-inhibitory
FMDB302,22103626;17483275,GPFPIIV,Ace-inhibitory
FMDB303,22103626;17483275,GPFPIIV,Ace-inhibitory
FMDB304,22103626;17483275,GPFPIIV,Ace-inhibitory
FMDB305,22103626;17483275,GPFPIIV,Ace-inhibitory
FMDB306,22103626;17483275,GPFPIIV,Ace-inhibitory
FMDB307,22103626;17483275,GPFPIIV,Ace-inhibitory
FMDB308,22103626;17483275,GPFPIIV,Ace-inhibitory
FMDB309,22103626;17483275,GPFPIIV,Ace-inhibitory
FMDB310,22103626;17483275,GPFPIIV,Ace-inhibitory
FMDB311,22103626;17483275,GPFPIIV,Ace-inhibitory
FMDB312,22103626;12417344,FALPQYLK,Ace-inhibitory
FMDB313,22103626;8880454,AMKPWIQPK,Ace-inhibitory
FMDB314,22103626;8880454,AMKPWIQPK,Ace-inhibitory
FMDB315,22103626;8880454,AMKPWIQPK,Ace-inhibitory
FMDB316,22103626;8880454,MKPWIQPK,Ace-inhibitory
FMDB317,22103626;8880454,MKPWIQPK,Ace-inhibitory
FMDB318,22103626;8880454,MKPWIQPK,Ace-inhibitory
FMDB319,22103626;8880454,TKVIP,Ace-inhibitory
FMDB320,22103626;8880454,TKVIP,Ace-inhibitory
FMDB321,22103626;8880454,TKVIP,Ace-inhibitory
FMDB322,22103626,PYVRYL,Ace-inhibitory;Antioxidant
FMDB323,22103626;10908049,RPKHPIKHQ,Ace-inhibitory
FMDB324,22103626;10908049,RPKHPIKHQ,Ace-inhibitory
FMDB325,22103626;10908049,RPKHPIKHQ,Ace-inhibitory
FMDB326,22103626;10908049,RPKHPIKHQ,Ace-inhibitory
FMDB327,22103626;10908049,RPKHPIKHQ,Ace-inhibitory
FMDB328,22103626;10908049,RPKHPIKHQ,Ace-inhibitory
FMDB329,22103626;10908049,RPKHPIKHQ,Ace-inhibitory
FMDB330,22103626;10908049,RPKHPIKHQ,Ace-inhibitory
FMDB331,22103626;10908049,RPKHPIKHQ,Ace-inhibitory
FMDB332,22103626;10908049,RPKHPIKHQ,Ace-inhibitory
FMDB337,16476172,WLAHK,Ace-inhibitory
FMDB338,21787916,YQEPVLGPVRGPFPI,Ace-inhibitory
FMDB339,21787916,YQEPVLGPVRGPFPIIV,Ace-inhibitory
FMDB340,21787916,EVLNENLLRF,Ace-inhibitory
FMDB341,21787916,FVAPFPEVFGK,Ace-inhibitory
FMDB342,21787916,YQEPVLGPVRGPFPIIV,Ace-inhibitory
FMDB343,21787916,RPKHPIKHQGLPQEV,Ace-inhibitory
FMDB344,21787916,RPKHPIKHQGLPQEVLNENLLR,Ace-inhibitory
FMDB345,21787916,FVAPFPEVFGK,Ace-inhibitory
FMDB346,21787916,EVLNENLLRF,Ace-inhibitory
FMDB347,21787916,YQEPVLGPVRGPF,Ace-inhibitory
FMDB348,21787916,YQEPVLGPVRGPFPIIV,Ace-inhibitory
FMDB349,22901481,DDQNPH,Ace-inhibitory
FMDB350,22901481,LDDDLTDDI,Ace-inhibitory
FMDB351,22901481,YPSYGL,Ace-inhibitory
FMDB352,22901481,HPHPHLSFMAIPP,Ace-inhibitory
FMDB353,22901481,YDTQAIVQ,Ace-inhibitory
FMDB354,22901481,DDDLTDDIMCV,Ace-inhibitory
FMDB355,22901481,YPSYG,Ace-inhibitory
FMDB356,22901481,AESIS,Ace-inhibitory
FMDB357,22901481,SITRINK,Ace-inhibitory
FMDB358,22901481,HIQKEDVPS,Ace-inhibitory
FMDB359,22901481,TVQVTSTAV,Ace-inhibitory
FMDB360,22901481,TVQVTSTAV,Ace-inhibitory
FMDB361,22901481,NAVPITPTLN,Ace-inhibitory
FMDB362,22901481,SLPQNIPPL,Ace-inhibitory
FMDB363,22901481,QEPVLGPVRGPFPIIV,Ace-inhibitory
FMDB364,22901481,GPVRGPFPIIV,Ace-inhibitory
FMDB365,22901481,SLPQNIPPL,Ace-inhibitory
FMDB366,22901481,YIPIQYVLS,Ace-inhibitory
FMDB367,22901481,TVQVTSTAV,Ace-inhibitory
FMDB368,22901481,PEINTVQVTSTAV,Ace-inhibitory
FMDB369,22901481,GYLAVA,Ace-inhibitory
FMDB370,22901481,DVENLHLPLPLL,Ace-inhibitory
FMDB371,22901481,YPSYGL,Ace-inhibitory
FMDB372,22901481,ENGEC,Ace-inhibitory
FMDB373,22901481,TVQVTSTAV,Ace-inhibitory
FMDB374,22901481,TVQVTSTAV,Ace-inhibitory
FMDB375,22901481,GPVRGPFPIIV,Ace-inhibitory
FMDB376,22901481,TDDIMCVK,Ace-inhibitory
FMDB377,24135669,LVYPFP,Ace-inhibitory
FMDB378,24135669,LPLP,Ace-inhibitory
FMDB379,24135669;11170591,VLPVPQK,Ace-inhibitory;Antioxidant
FMDB380,24135669,IPP,Ace-inhibitory
FMDB381,24135669,VPP,Ace-inhibitory
FMDB4,8201050,AYFYPE,Ace-inhibitory
FMDB64,10966406,LNVPGEIVE,Ace-inhibitory
FMDB65,10966406,NIPPLTQTPV,Ace-inhibitory
FMDB66,10966406,IPPLTQTPV,Ace-inhibitory
FMDB67,10966406,PPLTQTPV,Ace-inhibitory
FMDB68,10966406,NVPGEIVE,Ace-inhibitory
FMDB69,10966406,NVPGEIVE,Ace-inhibitory
FMDB70,10966406,DKIHPF,Ace-inhibitory
FMDB71,10966406,KVLPVPE,Ace-inhibitory
FMDB72,10966406,VIGSPPEIN,Ace-inhibitory
FMDB73,10966406,SPPEIN,Ace-inhibitory
FMDB730,,LPYPYYAKPA,Ace-inhibitory
FMDB746,,EPVLGPVRGPFPIIV,Ace-inhibitory
FMDB756,,MAPKHKEMPFPKYPVEPF,Ace-inhibitory;Cytomodulatory
FMDB757,,MPFPKYPVEPF,Ace-inhibitory
FMDB762,,QEPVLGPVRGPFPIIV,Ace-inhibitory;Antioxidant;Anti-microbial
FMDB767,,SWMHQPPQPLPPTVMFPPQSVLSL,Ace-inhibitory
FMDB77,26877633,YQEPVLGPVRGPFPIIV,Ace-inhibitory
FMDB770,,WMHQPPQPLPPTVMFPPQSVLSL,Ace-inhibitory
FMDB774,,YQEPVLGPVRGPFPIIV,Ace-inhibitory;Antioxidant;Immunomodulatory;Anti-microbial
FMDB775,11410001,HHL,Ace-inhibitory
FMDB776,11410002,IPRPRPRP,Ace-inhibitory
FMDB777,11410003,PIPFP,Ace-inhibitory
FMDB778,11410004,PVNKP,Ace-inhibitory
FMDB779,11410005,LKPDNR,Ace-inhibitory
FMDB78,26877633,QEPVLGPVRGPFPIIV,Ace-inhibitory
FMDB780,,DKIHPFAQ,Ace-inhibitory
FMDB781,,TQTPVVVP,Ace-inhibitory
FMDB782,,KAVPQ,Ace-inhibitory
FMDB783,,RPKHPIKH YQKA,Ace-inhibitory
FMDB784,,RPKHPIKH,Ace-inhibitory
FMDB785,,SQPK YQEP,Ace-inhibitory
FMDB786,,NQFLPYPY,Ace-inhibitory
FMDB787,,TQTPVVVP,Ace-inhibitory
FMDB788,,YPVEPFTE,Ace-inhibitory
FMDB789,,GVPKVK,Ace-inhibitory
FMDB790,,GVPKVKE,Ace-inhibitory
FMDB791,,GVPKVKE,Ace-inhibitory
FMDB792,25829629,TYKEE,Ace-inhibitory
FMDB793,25829629,IPP,Ace-inhibitory
FMDB794,25829629,IPP,Ace-inhibitory
FMDB795,25829629,YQQPVL,Ace-inhibitory
FMDB796,25829629,RINKK,Ace-inhibitory
FMDB797,25829629,SLPQN,Ace-inhibitory
FMDB798,25829629,VPP,Ace-inhibitory
FMDB799,25829629,ARHPH,Ace-inhibitory
FMDB802,16162521,KIHPFAQAQ,Ace-inhibitory
FMDB806,16162521,GVPKVKETMVPKH,Ace-inhibitory
FMDB809,16162521,KFAWPQ,Ace-inhibitory
FMDB813,16162521,ENLLRF,Ace-inhibitory
FMDB814,16162521,PYVRYL,Ace-inhibitory
FMDB815,16162521,LVYPFTGPIPN,Ace-inhibitory
FMDB817,,YQEPVLGPVRGPFPIIV,Ace-inhibitory
FMDB818,21985248,LQP,Ace-inhibitory
FMDB819,21985248,LLP,Ace-inhibitory
FMDB820,21985248,VPP,Ace-inhibitory
FMDB821,21985248,IPP,Ace-inhibitory
FMDB822,21985248,LQP,Ace-inhibitory
FMDB823,21985248,LLP,Ace-inhibitory
FMDB824,21985248,VPP,Ace-inhibitory
FMDB825,21985248,IPP,Ace-inhibitory
FMDB826,21985248,LQP,Ace-inhibitory
FMDB827,21985248,LLP,Ace-inhibitory
FMDB828,21985248,VPP,Ace-inhibitory
FMDB829,21985248,IPP,Ace-inhibitory
FMDB830,21985248,LQP,Ace-inhibitory
FMDB831,21985248,LLP,Ace-inhibitory
FMDB832,21985248,VPP,Ace-inhibitory
FMDB833,21985248,IPP,Ace-inhibitory
FMDB834,21985248,LQP,Ace-inhibitory
FMDB835,21985248,LLP,Ace-inhibitory
FMDB836,21985248,VPP,Ace-inhibitory
FMDB837,21985248,IPP,Ace-inhibitory
FMDB838,21985248,LQP,Ace-inhibitory
FMDB839,21985248,LLP,Ace-inhibitory
FMDB84,26877633,GPVRGPFPIIV,Ace-inhibitory
FMDB840,21985248,VPP,Ace-inhibitory
FMDB841,21985248,IPP,Ace-inhibitory
FMDB842,19994857,AW,Ace-inhibitory
FMDB843,19994857,GW,Ace-inhibitory
FMDB844,19994857,AY,Ace-inhibitory
FMDB845,19994857,SY,Ace-inhibitory
FMDB846,19994857,GY,Ace-inhibitory
FMDB847,19994857,AF,Ace-inhibitory
FMDB848,19994857,VP,Ace-inhibitory
FMDB849,19994857,AI,Ace-inhibitory
FMDB850,19994857,VG,Ace-inhibitory
FMDB851,18160180,AF,Ace-inhibitory
FMDB852,18160180,IF,Ace-inhibitory
FMDB853,,II,Ace-inhibitory
FMDB854,,ID,Ace-inhibitory
FMDB855,,IFY,Ace-inhibitory
FMDB856,,LFY,Ace-inhibitory
FMDB857,,LYY,Ace-inhibitory
FMDB858,,LAIPVNKP,Ace-inhibitory
FMDB859,,LPHF,Ace-inhibitory
FMDB860,,SPYP,Ace-inhibitory
FMDB861,,WL,Ace-inhibitory
FMDB862,,RPKHPIKHQ,Ace-inhibitory
FMDB863,,RPKHPIK,Ace-inhibitory
FMDB864,,RPKHPI,Ace-inhibitory
FMDB865,,DKIHPF,Ace-inhibitory
FMDB866,,FVAPFPEVF,Ace-inhibitory
FMDB867,,KKYKVPQLE,Ace-inhibitory
FMDB868,,YQEPVLGPVRGPFPIIV,Ace-inhibitory
FMDB869,,RPKHPIKHQ,Ace-inhibitory
FMDB870,,RPKHPIK,Ace-inhibitory
FMDB871,,RPKHPI,Ace-inhibitory
FMDB872,,DKIHPF,Ace-inhibitory
FMDB873,,FVAPFPEVF,Ace-inhibitory
FMDB874,,KKYKVPQLE,Ace-inhibitory
FMDB875,,YQEPVLGPVRGPFPIIV,Ace-inhibitory
FMDB876,,RPKHPIKHQ,Ace-inhibitory
FMDB877,,RPKHPIK,Ace-inhibitory
FMDB878,,RPKHPI,Ace-inhibitory
FMDB879,,DKIHPF,Ace-inhibitory
FMDB880,,FVAPFPEVF,Ace-inhibitory
FMDB881,,KKYKVPQLE,Ace-inhibitory
FMDB882,,YQEPVLGPVRGPFPIIV,Ace-inhibitory
FMDB890,,VPKVKET,Ace-inhibitory
FMDB891,,LKKISQ,Ace-inhibitory
FMDB892,,VPKVKE,Ace-inhibitory
FMDB893,,DKIHP,Ace-inhibitory
FMDB894,,KQMK,Ace-inhibitory
FMDB895,,KKYNVPQ,Ace-inhibitory
FMDB896,,VPSERY,Ace-inhibitory
FMDB897,,FPE,Ace-inhibitory
FMDB898,,DVPSERY,Ace-inhibitory
FMDB899,,REQEEL,Ace-inhibitory
FMDB900,,IPY,Ace-inhibitory
FMDB901,,AWPQ,Ace-inhibitory
FMDB902,,FP,Ace-inhibitory
FMDB903,,TQPKTNAIPY,Ace-inhibitory
FMDB904,,DVPSERYLG,Ace-inhibitory
FMDB905,,VPSERYL,Ace-inhibitory
FMDB906,,LEIVPK,Ace-inhibitory
FMDB907,,VRYL,Ace-inhibitory
FMDB908,,VRGPFP,Ace-inhibitory
FMDB909,,VVAPFPE,Ace-inhibitory
FMDB910,,KKYNVPQL,Ace-inhibitory
FMDB911,,GPVRGPFP,Ace-inhibitory
FMDB912,,LHLPLP,Ace-inhibitory
FMDB913,,LHLPLPL,Ace-inhibitory
FMDB914,,LVYPFPGPIPNSLPQNIPP,Ace-inhibitory
FMDB915,,VLGPVRGPFP,Ace-inhibitory
FMDB916,,VRGPFPIIV,Ace-inhibitory
FMDB917,,VLGPVRGPFPIIV,Ace-inhibitory
FMDB918,,LTQTPVVVPPF,Ace-inhibitory
FMDB919,,VVVPPF,Ace-inhibitory
FMDB920,,LHLPLP,Ace-inhibitory
FMDB921,,LHLPLPL,Ace-inhibitory
FMDB922,,LVYPFPGPIPNSLPQNIPP,Ace-inhibitory
FMDB923,,VLGPVRGPFP,Ace-inhibitory
FMDB924,,VRGPFPIIV,Ace-inhibitory
FMDB925,,VLGPVRGPFPIIV,Ace-inhibitory
FMDB926,,LTQTPVVVPPF,Ace-inhibitory
FMDB927,,VVVPPF,Ace-inhibitory
FMDB928,,LHLPLP,Ace-inhibitory
FMDB929,,LHLPLPL,Ace-inhibitory
FMDB930,,LVYPFPGPIPNSLPQNIPP,Ace-inhibitory
FMDB931,,VLGPVRGPFP,Ace-inhibitory
FMDB932,,VRGPFPIIV,Ace-inhibitory
FMDB933,,VLGPVRGPFPIIV,Ace-inhibitory
FMDB934,,LTQTPVVVPPF,Ace-inhibitory
FMDB935,,VVVPPF,Ace-inhibitory
FMDB936,,LHLPLP,Ace-inhibitory
FMDB937,,LHLPLPL,Ace-inhibitory
FMDB938,,LVYPFPGPIPNSLPQNIPP,Ace-inhibitory
FMDB939,,VLGPVRGPFP,Ace-inhibitory
FMDB940,,VRGPFPIIV,Ace-inhibitory
FMDB941,,VLGPVRGPFPIIV,Ace-inhibitory
FMDB942,,LTQTPVVVPPF,Ace-inhibitory
FMDB943,,VVVPPF,Ace-inhibitory
FMDB944,,SN,Ace-inhibitory
FMDB945,,VPP,Ace-inhibitory
FMDB946,,RY,Ace-inhibitory
FMDB947,,PQEVL,Ace-inhibitory
FMDB948,,VLNENLL,Ace-inhibitory
FMDB949,,KFALPQ,Ace-inhibitory
FMDB950,,IPPL,Ace-inhibitory
FMDB951,,SLTLTDVE,Ace-inhibitory
FMDB952,,KYIPIQY,Ace-inhibitory
FMDB953,,IPIQY,Ace-inhibitory
FMDB954,,AVRSPAQIL,Ace-inhibitory
FMDB955,,AVRSPAQILQ,Ace-inhibitory
FMDB956,,QWQVLSN,Ace-inhibitory
FMDB957,,AIPPKKNQDKTEIPTIN,Ace-inhibitory
FMDB958,,NLLRF,Ace-inhibitory
FMDB959,,FVAPFPE,Ace-inhibitory
FMDB960,,FRQFYQL,Ace-inhibitory
FMDB961,,KTTMPLW,Ace-inhibitory;Immunomodulatory
FMDB962,,ENSKKTVD,Ace-inhibitory
FMDB963,,EQQQTEDE,Ace-inhibitory
FMDB964,,LPQNIPPL,Ace-inhibitory
FMDB965,,NIPPLTQTPV,Ace-inhibitory
FMDB966,,VPPFLQP,Ace-inhibitory
FMDB967,,VPPFLQPE,Ace-inhibitory
FMDB968,,FPPQSVL,Ace-inhibitory
FMDB969,,KVLPVPQ,Ace-inhibitory;Antioxidant
FMDB970,,ILQWQVLSN,Ace-inhibitory
FMDB971,,VAPFPGVFGK,Ace-inhibitory
FMDB973,,HLPLPL,Ace-inhibitory
FMDB975,,PPQ,Ace-inhibitory
FMDB976,,GPVRGPFPII,Ace-inhibitory;Immunomodulatory
FMDB978,,NQE,Ace-inhibitory
FMDB980,,AKYIPIQYVLSRYPSY,Ace-inhibitory
FMDB982,,IPIQYVL,Ace-inhibitory
FMDB984,,PPK,Ace-inhibitory
FMDB990,,LIVTQ,Ace-inhibitory
FMDB991,,LIVT,Ace-inhibitory
FMDB992,,LVQGS,Ace-inhibitory
FMDB993,12843654,IFL,Ace-inhibitory
FMDB994,12843654,WL,Ace-inhibitory
FMDB995,,FIG,Ace-inhibitory
FMDB996,18627167,DPVAPLQRSGPEI,Ace-inhibitory
FMDB997,18627167,PVAPQLSRGLL,Ace-inhibitory
FMDB998,18627167,ELEIVMASPP,Ace-inhibitory
FMDB999,18627167,QILLPRPGQAA,Ace-inhibitory
FMDB1648,Rizello 2005,GLSPEVLNENLL,Antibacterial
FMDB1649,,RFVVAPFPE,Antibacterial
FMDB1650,,VVAPFPEV,Antibacterial
FMDB1651,,VMFPPQSVL,Antibacterial
FMDB1652,,MAIPPKKNQD,Antibacterial
FMDB1653,,TVQVTSTAV,Antibacterial
FMDB1654,,MPIQAF,Antibacterial
FMDB1655,,FVAPFPEVFG,Antibacterial
FMDB1656,,GKEKVNELSKD,Antibacterial
FMDB1657,,FVAPFPEVFG,Antibacterial
FMDB1658,,RPKHPIK,Antibacterial
FMDB1659,,GLPQE,Antibacterial
FMDB1660,,MAIPPKKNQD,Antibacterial
FMDB1661,,YQEPVLGPVRGPFPIIV,Antibacterial
FMDB1662,,MPIQAFLL,Antibacterial
FMDB1663,,FVAPFPEVFG,Antibacterial
FMDB1664,,FVAPFPEVF,Antibacterial
FMDB1665,,YPFTGPIPN,Antibacterial
FMDB1666,,MPIQA,Antibacterial
FMDB1667,,VFMFPPQSV,Antibacterial
FMDB1668,,VVAPFPE,Antibacterial
FMDB169,26996626; 10434050,VYQHQKAMKPWIQPKTKVIPYVRYL,Antibacterial
FMDB170,26996626; 10434050,VYQHQKAMKPWIQPKTKVIPYVRYL,Antibacterial
FMDB171,26996626; 10434050,VYQHQKAMKPWIQPKTKVIPYVRYL,Antibacterial
FMDB172,26996626; 10434050,VYQHQKAMKPWIQPKTKVIPYVRYL,Antibacterial
FMDB2082,12957917,QELLLNPTHQYPVTQPLAPVHNPISV,Antibacterial against Enterococcus faecium;Bacillus megaterium;Escherichia coli;Listeria innocua;Salmonella spp.;Yersinia enterocolitica;;Staphylococcus aureus
FMDB280,22103626;11694622,YQEPVLGPVRGPFPIIV,Immunomodulatory;Antibacterial
FMDB281,22103626;11694622,YQEPVLGPVRGPFPIIV,Immunomodulatory;Antibacterial
FMDB282,22103626;11694622,YQEPVLGPVRGPFPIIV,Immunomodulatory;Antibacterial
FMDB283,22103626;11694622,YQEPVLGPVRGPFPIIV,Immunomodulatory;Antibacterial
FMDB284,22103626;11694622,YQEPVLGPVRGPFPIIV,Immunomodulatory;Antibacterial
FMDB285,22103626;11694622,YQEPVLGPVRGPFPIIV,Immunomodulatory;Antibacterial
FMDB286,22103626;11694622,YQEPVLGPVRGPFPIIV,Immunomodulatory;Antibacterial
FMDB287,22103626;11694622,YQEPVLGPVRGPFPIIV,Immunomodulatory;Antibacterial
FMDB288,22103626;11694622,YQEPVLGPVRGPFPIIV,Immunomodulatory;Antibacterial
FMDB289,22103626;11694622,YQEPVLGPVRGPFPIIV,Immunomodulatory;Antibacterial
FMDB333,22103626;8603791,RPKHPIKHQGLPQEVLNENLLRF,Immunomodulatory;Antibacterial
FMDB334,22103626;8603791,RPKHPIKHQGLPQEVLNENLLRF,Immunomodulatory;Antibacterial
FMDB335,22103626;8603791,RPKHPIKHQGLPQEVLNENLLRF,Immunomodulatory;Antibacterial
FMDB336,22103626;8603791,RPKHPIKHQGLPQEVLNENLLRF,Immunomodulatory;Antibacterial
FMDB10,8201050,PPQSVLSLSESKVLPVPE,Anti-hypertensive
FMDB1014,22450789,QFYAV,Anti-hypertensive
FMDB1015,22450789,AGPVLL,Anti-hypertensive
FMDB11,8201050,RDMPIQAF,Anti-hypertensive
FMDB111,26996626 ; 16899668,VLGPVRGPFP,Anti-hypertensive
FMDB112,26996626 ; 16899668,VLGPVRGPFP,Anti-hypertensive
FMDB113,26996626 ; 16899668,VLGPVRGPFP,Anti-hypertensive
FMDB114,26996626 ; 16899668,VLGPVRGPFP,Anti-hypertensive
FMDB12,8201050,YQQPVLGPVRGPFPIIV,Anti-hypertensive
FMDB1283,,IPP,Anti-hypertensive
FMDB1284,,IPP,Anti-hypertensive
FMDB1285,,VPP,Anti-hypertensive
FMDB1286,20172208,YQDPRLGPTGELDPATQPIVAVHNPVIV,Anti-hypertensive
FMDB1287,20172208,PKDLREN,Anti-hypertensive
FMDB1288,20172208,LLLAHLL,Anti-hypertensive
FMDB1289,20172208,NHRNRMMDHVH,Anti-hypertensive
FMDB13,8201050,LPQNIPPLTQTPVVVPPFLQPEVMGVSK,Anti-hypertensive
FMDB14,8201050,LLYQQPVLGPVRGPFPIIV,Anti-hypertensive
FMDB15,8201050,DELQDKIHPFATQSLVYPFPGPIHNS,Anti-hypertensive
FMDB1574,,KEMPFPKYPVE,Anti-hypertensive;Antioxidant
FMDB1575,,WMHQPPQPLPPTVMFPPQSVL,Anti-hypertensive;Antioxidant
FMDB1576,,MHQPPQPLPPTVMFPPQSVL,Anti-hypertensive;Antioxidant
FMDB1577,,HQPPQPLPPTVMFPPQSVL,Anti-hypertensive;Antioxidant;Anti-microbial
FMDB1578,,YQEPVLGPVRGPFPI,Anti-hypertensive;Antioxidant;Anti-microbial
FMDB1579,,QEPVLGPVRGPFPILV,Anti-hypertensive;Antioxidant
FMDB1580,,QEPVLGPVRGPFPI,Anti-hypertensive;Antioxidant
FMDB1581,,PVLGPVRGPFPI,Anti-hypertensive;Antioxidant
FMDB1582,,LGPVRGPFPI,Anti-hypertensive;Antioxidant
FMDB1583,,TDAPSFSDIPNPIGSENSGK,Anti-hypertensive;Antioxidant
FMDB1584,,DIPNPIGSENSGKTTMPLW,Anti-hypertensive;Antioxidant;Anti-microbial
FMDB1585,,IPNPIGSENSGKIT,Anti-hypertensive;Antioxidant
FMDB1586,,NAGPFTPTVNR,Anti-hypertensive;Antioxidant
FMDB1587,,YQGPIVLNPWDQVKR,Anti-hypertensive;Antioxidant
FMDB1588,,YQGPIVLNPWDQVK,Anti-hypertensive;Antioxidant
FMDB1589,,GPIVLNPWDQVKR,Anti-hypertensive;Antioxidant
FMDB1590,,VLNPWDQVKR,Anti-hypertensive;Antioxidant
FMDB16,8201050,AVPYPQR,Anti-hypertensive
FMDB17,12369200,IPP,Anti-hypertensive
FMDB1735,26616950;12417344,FALPQYLK,Anti-hypertensive
FMDB1736,26616950;12417344,FALPQYLK,Anti-hypertensive
FMDB1737,26616950;12417344,FALPQYLK,Anti-hypertensive
FMDB1738,26616950;12417344,FALPQYLK,Anti-hypertensive
FMDB1739,26616950; 8880454,AMKPWIQPK,Anti-hypertensive
FMDB1740,26616950; 8880454,AMKPWIQPK,Anti-hypertensive
FMDB1741,26616950; 8880454,AMKPWIQPK,Anti-hypertensive
FMDB1742,26616950; 8880454,AMKPWIQPK,Anti-hypertensive
FMDB1743,26616950;7790570,GPVRGPFPIIV,Anti-hypertensive
FMDB1744,26616950;7790570,GPVRGPFPIIV,Anti-hypertensive
FMDB1745,26616950;7790570,GPVRGPFPIIV,Anti-hypertensive
FMDB1746,26616950;7790570,GPVRGPFPIIV,Anti-hypertensive
FMDB1747,"26616950; Maruyama et al., 1985",AVPYPQR,Anti-hypertensive
FMDB1748,"26616950; Maruyama et al., 1985",AVPYPQR,Anti-hypertensive
FMDB1749,"26616950; Maruyama et al., 1985",AVPYPQR,Anti-hypertensive
FMDB1750,"26616950; Maruyama et al., 1985",AVPYPQR,Anti-hypertensive
FMDB1767,26616950;1471476,YPVEPFTE,Anti-hypertensive
FMDB1768,26616950;1471476,YPVEPFTE,Anti-hypertensive
FMDB1769,26616950;1471476,YPVEPFTE,Anti-hypertensive
FMDB1770,26616950;1471476,YPVEPFTE,Anti-hypertensive
FMDB1771,26616950;8201050,RDMPIQAF,Anti-hypertensive
FMDB1772,26616950;8201050,RDMPIQAF,Anti-hypertensive
FMDB1773,26616950;8201050,RDMPIQAF,Anti-hypertensive
FMDB1774,26616950;8201050,RDMPIQAF,Anti-hypertensive
FMDB178,,VPP,Ace-inhibitory;Anti-hypertensive
FMDB1784,26616950;17483270,VLNENLLR,Anti-hypertensive
FMDB1785,26616950; 17483270,VLNENLLR,Anti-hypertensive
FMDB1786,26616950; 17483271,VLNENLLR,Anti-hypertensive
FMDB1787,26616950; 17483272,VLNENLLR,Anti-hypertensive
FMDB1788,26616950; 17483273,SQSKVLPVPQ,Anti-hypertensive
FMDB1789,26616950; 17483274,SQSKVLPVPQ,Anti-hypertensive
FMDB179,,IPP,Ace-inhibitory;Anti-hypertensive
FMDB1790,26616950; 17483275,SQSKVLPVPQ,Anti-hypertensive
FMDB1791,26616950; 17483276,SQSKVLPVPQ,Anti-hypertensive
FMDB1792,26616950; 17483277,MPFPKYPVEP,Anti-hypertensive
FMDB1793,26616950; 17483278,MPFPKYPVEP,Anti-hypertensive
FMDB1794,26616950; 17483279,MPFPKYPVEP,Anti-hypertensive
FMDB1795,26616950; 17483280,MPFPKYPVEP,Anti-hypertensive
FMDB1796,26616950; 17483281,IGSENSEKTTMP,Anti-hypertensive
FMDB1797,26616950; 17483282,IGSENSEKTTMP,Anti-hypertensive
FMDB1798,26616950; 17483283,IGSENSEKTTMP,Anti-hypertensive
FMDB18,12369200,IPP,Anti-hypertensive
FMDB1804,26616950;10966406,NIPPLTQTPV,Anti-hypertensive
FMDB1805,26616950;10966406,NIPPLTQTPV,Anti-hypertensive
FMDB1806,26616950;10966406,DKIHPF,Anti-hypertensive
FMDB1807,26616950;10966406,DKIHPF,Anti-hypertensive
FMDB1808,26616950;10966406,DKIHPF,Anti-hypertensive
FMDB1809,26616950;10966406,DKIHPF,Anti-hypertensive
FMDB1810,26616950,VAPFPEVF,Anti-hypertensive
FMDB1811,26616950,VAPFPEVF,Anti-hypertensive
FMDB1812,26616950,VAPFPEVF,Anti-hypertensive
FMDB1813,26616950,VAPFPEVF,Anti-hypertensive
FMDB1814,26616950,FVAPFPEV,Anti-hypertensive
FMDB1815,26616950,FVAPFPEV,Anti-hypertensive
FMDB1816,26616950,FVAPFPEV,Anti-hypertensive
FMDB1817,26616950,FVAPFPEV,Anti-hypertensive
FMDB1819,15328207,ALPM,Anti-hypertensive
FMDB182,,LPP,Anti-hypertensive
FMDB187,,SPVVPFTE,Anti-hypertensive
FMDB188,,LHLPLPL,Anti-hypertensive
FMDB189,,KVLPVPQ,Anti-hypertensive;Antioxidant
FMDB19,12369200,VPP,Anti-hypertensive
FMDB190,,VPYPQR,Antioxidant;Anti-hypertensive
FMDB193,,VPDPVRGLHP,Anti-hypertensive
FMDB1979,12843654,VLSLSQPKVLPVPQKAVPQ,Anti-hypertensive
FMDB1994,19994857,AW,Ace-inhibitory;Anti-hypertensive
FMDB1995,19994857,GW,Ace-inhibitory;Anti-hypertensive
FMDB1996,19994857,AY,Ace-inhibitory;Anti-hypertensive
FMDB1997,19994857,SY,Ace-inhibitory;Anti-hypertensive
FMDB1998,19994857,GY,Ace-inhibitory;Anti-hypertensive
FMDB1999,19994857,AF,Ace-inhibitory;Anti-hypertensive
FMDB20,7673515,VPP,Anti-hypertensive
FMDB2000,19994857,VP,Ace-inhibitory;Anti-hypertensive
FMDB2001,19994857,AI,Ace-inhibitory;Anti-hypertensive
FMDB2002,19994857,VG,Ace-inhibitory;Anti-hypertensive
FMDB2003,25151888;12369200,VPP,Ace-inhibitory;Anti-hypertensive
FMDB2004,25151888;12369200,IPP,Ace-inhibitory;Anti-hypertensive
FMDB2005,25151888;12369200,VPP,Ace-inhibitory;Anti-hypertensive
FMDB2006,25151888;12369200,IPP,Ace-inhibitory;Anti-hypertensive
FMDB2007,25151888;12369200,VPP,Ace-inhibitory;Anti-hypertensive
FMDB2008,25151888;12369200,VPP,Ace-inhibitory;Anti-hypertensive
FMDB2009,25151888;12369200,IPP,Ace-inhibitory;Anti-hypertensive
FMDB2010,25151888;12369200,VPP,Ace-inhibitory;Anti-hypertensive
FMDB2011,25151888;12369200,IPP,Ace-inhibitory;Anti-hypertensive
FMDB2012,25151888;12369200,VPP,Ace-inhibitory;Anti-hypertensive
FMDB2013,25151888;12369200,IPP,Ace-inhibitory;Anti-hypertensive
FMDB2014,25151888;12369200,VPP,Ace-inhibitory;Anti-hypertensive
FMDB2015,25151888;12369200,IPP,Ace-inhibitory;Anti-hypertensive
FMDB2016,25151888;12369200,VPP,Ace-inhibitory;Anti-hypertensive
FMDB2017,25151888;12369200,IPP,Ace-inhibitory;Anti-hypertensive
FMDB2018,25151888;12369200,VPP,Ace-inhibitory;Anti-hypertensive
FMDB2019,25151888;12369200,IPP,Ace-inhibitory;Anti-hypertensive
FMDB2020,25151888;12369200,VPP,Ace-inhibitory;Anti-hypertensive
FMDB2021,25151888;12369200,VPP,Ace-inhibitory;Anti-hypertensive
FMDB2022,25151888;12369200,IPP,Ace-inhibitory;Anti-hypertensive
FMDB2023,25151888;12369200,VPP,Ace-inhibitory;Anti-hypertensive
FMDB2024,25151888;12369200,VPP,Ace-inhibitory;Anti-hypertensive
FMDB2025,25151888;12369200,IPP,Ace-inhibitory;Anti-hypertensive
FMDB2026,25151888;12369200,VPP,Ace-inhibitory;Anti-hypertensive
FMDB2027,25151888;12369200,IPP,Ace-inhibitory;Anti-hypertensive
FMDB2028,25151888;12369200,VPP,Ace-inhibitory;Anti-hypertensive
FMDB2029,25151888;12369200,IPP,Ace-inhibitory;Anti-hypertensive
FMDB2030,25151888;12369200,VPP,Ace-inhibitory;Anti-hypertensive
FMDB2031,25151888;12369200,IPP,Ace-inhibitory;Anti-hypertensive
FMDB2032,25151888;12369200,VPP,Ace-inhibitory;Anti-hypertensive
FMDB2033,25151888;12369200,IPP,Ace-inhibitory;Anti-hypertensive
FMDB2034,25151888;12369200,IPP,Ace-inhibitory;Anti-hypertensive
FMDB2035,25151888;12369200,IPP,Ace-inhibitory;Anti-hypertensive
FMDB2036,25151888;12369200,VPP,Ace-inhibitory;Anti-hypertensive
FMDB2037,25151888;12369200,IPP,Ace-inhibitory;Anti-hypertensive
FMDB2038,25151888;12369200,VPP,Ace-inhibitory;Anti-hypertensive
FMDB2039,25151888;12369200,IPP,Ace-inhibitory;Anti-hypertensive
FMDB2040,25151888;12369200,IPP,Ace-inhibitory;Anti-hypertensive
FMDB21,7673515,IPP,Anti-hypertensive
FMDB22,7673515,IPP,Anti-hypertensive
FMDB31,25222748,DVWY,Anti-hypertensive
FMDB32,25222748,FDART,Anti-hypertensive
FMDB33,25222748,FQ,Anti-hypertensive
FMDB34,25222748,VAE,Anti-hypertensive
FMDB35,25222748,VVG,Anti-hypertensive
FMDB36,25222748,WTFR,Anti-hypertensive
FMDB39,,DDQNPH,Anti-hypertensive;Cholestrol-lowering
FMDB40,,LDDDLTDDI,Anti-hypertensive;Cholestrol-lowering
FMDB41,,YPSYGL,Anti-hypertensive;Cholestrol-lowering
FMDB42,,HPHPHLSFMAIPP,Anti-hypertensive;Cholestrol-lowering
FMDB43,,YDTQAIVQ,Anti-hypertensive;Cholestrol-lowering
FMDB44,,DDDLTDDIMCV,Anti-hypertensive;Cholestrol-lowering
FMDB45,,YPSYG,Anti-hypertensive;Cholestrol-lowering
FMDB46,,AESIS,Anti-hypertensive;Cholestrol-lowering
FMDB47,,SITRINK,Anti-hypertensive;Cholestrol-lowering
FMDB48,,HIQKEDVPS,Anti-hypertensive;Cholestrol-lowering
FMDB49,,TVQVTSTAV,Anti-hypertensive;Cholestrol-lowering
FMDB5,8201050,SKVLPVPQ,Anti-hypertensive
FMDB50,,NAVPITPTLN,Anti-hypertensive;Cholestrol-lowering
FMDB51,,SLPQNIPPL,Anti-hypertensive;Cholestrol-lowering
FMDB52,,QEPVLGPVRGPFPIIV,Anti-hypertensive;Cholestrol-lowering
FMDB53,,GPVRGPFPIIV,Anti-hypertensive;Cholestrol-lowering
FMDB54,,YIPIQYVLS,Anti-hypertensive;Cholestrol-lowering
FMDB55,,TVQVTSTAV,Anti-hypertensive;Cholestrol-lowering
FMDB56,,PEINTVQVTSTAV,Anti-hypertensive;Cholestrol-lowering
FMDB57,,GYLAVA,Anti-hypertensive;Cholestrol-lowering
FMDB58,,DVENLHLPLPLL,Anti-hypertensive;Cholestrol-lowering
FMDB59,,YPSYGL,Anti-hypertensive;Cholestrol-lowering
FMDB6,8201050,GPFPIIV,Anti-hypertensive
FMDB60,,ENGEC,Anti-hypertensive;Cholestrol-lowering
FMDB61,,TVQVTSTAV,Anti-hypertensive;Cholestrol-lowering
FMDB62,,GPVRGPFPIIV,Anti-hypertensive;Cholestrol-lowering
FMDB63,,TDDIMCVK,Anti-hypertensive;Cholestrol-lowering
FMDB7,8201050,GTQYTDAPSFSDIPNPIGSENSEKTTMPLW,Anti-hypertensive
FMDB741,,DELQDKIHP,Anti-hypertensive
FMDB742,,DELQDKIHPF,Anti-hypertensive
FMDB743,,DELQDKIHPFAQTQ,Anti-hypertensive
FMDB748,,IPPLTQTPVVVPPFLQPE,Anti-hypertensive
FMDB749,,KVLPVPQK,Antioxidant;Anti-hypertensive
FMDB750,,LHLPLPLLQSW,Anti-hypertensive
FMDB751,,LPLPLLQSW,Anti-hypertensive
FMDB752,,LPLPLLQSWM,Anti-hypertensive
FMDB758,,NLHLPLPLLQSW,Anti-hypertensive
FMDB759,,PPLTQTPVVVP,Anti-hypertensive
FMDB760,,PPVVVPPFLQPEIM,Anti-hypertensive
FMDB761,,QDKIHPFAQTQ,Anti-hypertensive
FMDB764,,SLPQNIPPLTQTPVVVPPFLQPE,Anti-hypertensive
FMDB766,,SLVYPFPGPIPKSLPQ,Opioid;Anti-hypertensive
FMDB768,,TPVVVPPFLQPEIM,Anti-hypertensive
FMDB8,8201050,KYPVQPFTESQSLTL,Anti-hypertensive
FMDB9,8201050,SVLSLSESKVLPVPE,Anti-hypertensive
FMDB156,26996626;8603791,RPKHPIKHQGLPQEVLNENLLRF,Anti-microbial against S.aureus
FMDB157,26996626;8603791,RPKHPIKHQGLPQEVLNENLLRF,Anti-microbial against S.aureus
FMDB1577,,HQPPQPLPPTVMFPPQSVL,Anti-hypertensive;Antioxidant;Anti-microbial
FMDB1578,,YQEPVLGPVRGPFPI,Anti-hypertensive;Antioxidant;Anti-microbial
FMDB158,26996626;8603791,RPKHPIKHQGLPQEVLNENLLRF,Anti-microbial against S.aureus
FMDB1584,,DIPNPIGSENSGKTTMPLW,Anti-hypertensive;Antioxidant;Anti-microbial
FMDB159,26996626;8603791,RPKHPIKHQGLPQEVLNENLLRF,Anti-microbial against S.aureus
FMDB1755,26616950;19054235,YQEPVLGPVRGPFPI,Anti-microbial
FMDB1756,26616950;1169462,YQEPVLGPVRGPFPIIV,Anti-microbial;Antithrombotic;Immunomodulatory;Antioxidant
FMDB1757,26616950;1169462,YQEPVLGPVRGPFPIIV,Anti-microbial;Antithrombotic;Immunomodulatory;Antioxidant
FMDB1758,26616950;1169462,YQEPVLGPVRGPFPIIV,Anti-microbial;Antithrombotic;Immunomodulatory;Antioxidant
FMDB1759,26616950;1169462,YQEPVLGPVRGPFPIIV,Anti-microbial;Antithrombotic;Immunomodulatory;Antioxidant
FMDB1760,26616950;16517684,EVFGKEKVN,Anti-microbial
FMDB1761,26616950;16517684,EVFGKEKVN,Anti-microbial
FMDB1762,26616950;16517684,EVFGKEKVN,Anti-microbial
FMDB1763,26616950;16517684,SDIPNPIGSENSEK,Anti-microbial
FMDB1764,26616950;16517684,SDIPNPIGSENSEK,Anti-microbial
FMDB1765,26616950;16517684,SDIPNPIGSENSEK,Anti-microbial
FMDB1766,26616950;16517684,SDIPNPIGSENSEK,Anti-microbial
FMDB1779,26616950;8603791,RPKHPIKHQGLPQEVLNENLLRF,Anti-microbial
FMDB1783,26616950;16517684,PGPIPN,Anti-microbial
FMDB1969,,SGYYMH,Anti-microbial against E. coli ATCC 8099
FMDB1970,,LGTFQN,Anti-microbial against E. coli ATCC 8099
FMDB1971,,LHALLL,Anti-microbial against E. coli ATCC 8099
FMDB2186,23642310,TASSVASTTK,Anti-microbial against B. megaterium F6 as indicator
FMDB2187,23642310,TIKATKT,Anti-microbial against B. megaterium F6 as indicator
FMDB2188,23642310,MLAAKSSAAST,Anti-microbial against B. megaterium F6 as indicator
FMDB2189,23642310,VSSGAEIAKI,Anti-microbial against B. megaterium F6 as indicator
FMDB2190,23642310,NQMLAAKSSAAS,Anti-microbial against B. megaterium F6 as indicator
FMDB2191,23642310,VINIVLAAV,Anti-microbial against B. megaterium F6 as indicator
FMDB2192,23642310,ENGNTLSG,Anti-microbial against B. megaterium F6 as indicator
FMDB2193,23642310,GNMPSGG,Anti-microbial against B. megaterium F6 as indicator
FMDB2194,23642310,TASSVASTTK,Anti-microbial against B. megaterium F6 as indicator
FMDB2195,23642310,TIKATKT,Anti-microbial against B. megaterium F6 as indicator
FMDB2196,23642310,MLAAKSSAAST,Anti-microbial against B. megaterium F6 as indicator
FMDB2197,23642310,VSSGAEIAKI,Anti-microbial against B. megaterium F6 as indicator
FMDB2198,23642310,NQMLAAKSSAAS,Anti-microbial against B. megaterium F6 as indicator
FMDB2199,23642310,VINIVLAAV,Anti-microbial against B. megaterium F6 as indicator
FMDB2200,23642310,ENGNTLSG,Anti-microbial against B. megaterium F6 as indicator
FMDB2201,23642310,GNMPSGG,Anti-microbial against B. megaterium F6 as indicator
FMDB734,,RPKQPIKHQGLPQ,Immunomodulatory;Anti-microbial
FMDB735,,RPKQPIKHQGLPQGVL,Immunomodulatory;Anti-microbial
FMDB736,,RPKQPIKHQGLPQG,Immunomodulatory;Anti-microbial
FMDB744,,EPVLGPVRGPFP,Immunomodulatory;Antioxidant;Anti-microbial
FMDB745,,EPVLGPVRGPFPI,Immunomodulatory;Antioxidant;Anti-microbial
FMDB762,,QEPVLGPVRGPFPIIV,Ace-inhibitory;Antioxidant;Anti-microbial
FMDB763,,SKVLPVPQKAVPYPQ,Antioxidant;Anti-microbial
FMDB774,,YQEPVLGPVRGPFPIIV,Ace-inhibitory;Antioxidant;Immunomodulatory;Anti-microbial
FMDB883,16517684,IKHQGLPQE,Anti-microbial against Enterobacter sakazakii ATCC 12868;Escherichia coli DPC5063
FMDB884,PMD16517684,VLNENLLR,Anti-microbial against Enterobacter sakazakii ATCC 12868;Escherichia coli DPC5063
FMDB885,PMD16517684,SDIPNPI G SENSEK,Anti-microbial against Enterobacter sakazakii ATCC 12868;Escherichia coli DPC5063
FMDB886,22642665,IKHQGLPQE,Anti-microbial against Cronobacter sakazakii DPC 6440
FMDB887,22642665,VLNENLLR,Anti-microbial against Cronobacter sakazakii DPC 6440
FMDB888,22642665,IKHQGLPQE,Anti-microbial against Cronobacter sakazakii DPC 6440
FMDB889,22642665,VLNENLLR,Anti-microbial against Cronobacter sakazakii DPC 6440
FMDB1023,22783093,LAGNGRSVGVEYV,Ace-inhibitory;Antioxidant
FMDB1024,22783093,ATQVPLVSSTSEGYTASQPLYQP,Ace-inhibitory;Antioxidant
FMDB1025,22783093,NPADLPDAG,Ace-inhibitory;Antioxidant
FMDB1026,22783093,TRHNIGFAAVDALARAWNISLA,Ace-inhibitory;Antioxidant
FMDB1027,22783093,TTTAATS,Ace-inhibitory;Antioxidant
FMDB1028,22783093,REGAAPGAA,Ace-inhibitory;Antioxidant
FMDB103,24135669,VLPVPQK,Antioxidant
FMDB1196,25218972,LAFNPTQLEGQCHV,Antioxidant
FMDB1292,,QQQTED,Antioxidant
FMDB1293,,NSKKTVD,Antioxidant
FMDB1294,,YP,Antioxidant
FMDB1295,,YAKPA,Antioxidant
FMDB1296,,TVQVT,Antioxidant
FMDB1297,,TVQVTST,Antioxidant
FMDB1298,,VPYPQ,Antioxidant
FMDB1299,,PIGSENS,Antioxidant
FMDB1300,,KAVPYPQ,Antioxidant
FMDB1301,,TVQVTSTAV,Antioxidant
FMDB1302,,IESPPEIN,Antioxidant
FMDB1303,,NVPGEIVE,Antioxidant
FMDB1304,,VIESPPEIN,Antioxidant
FMDB1305,,KVLPVPE,Antioxidant
FMDB1306,,GVRGPFPII,Antioxidant
FMDB1307,,DKIHPF,Antioxidant
FMDB1308,,IPIQY,Antioxidant
FMDB1309,,VFGKEKVNEL,Antioxidant
FMDB1310,,ELQDKIHPF,Antioxidant
FMDB1311,,YPFPGPIPN,Antioxidant
FMDB1312,,QQPVLGPVRGPFP,Antioxidant
FMDB1313,,HKEMPFPKYPVQPF,Antioxidant
FMDB1314,,MAPKHKEMPFPKYPVQPF,Antioxidant
FMDB1315,,LVYPFPGPIPN,Antioxidant
FMDB1316,,SLVYPFPGPIPN,Antioxidant
FMDB1317,,MPFPKYPVQPF,Antioxidant
FMDB1318,,TQTPVVVPPFLQPE,Antioxidant
FMDB1319,,YQQPVLGPVRGPFPII,Antioxidant
FMDB1320,,RDMPIQAFLL,Antioxidant
FMDB1321,,QQPVLGPVRGPFPIIV,Antioxidant
FMDB1322,,YQQPVLGPVRGPFPIIV,Antioxidant
FMDB1323,,MAPKHEMPFPKYP,Antioxidant
FMDB1324,,SLPQNIPPLTQTPVVVPFLQPEVM,Antioxidant
FMDB1325,,NIPPLTQTPVVVPFLQPEVM,Antioxidant
FMDB1574,,KEMPFPKYPVE,Anti-hypertensive;Antioxidant
FMDB1575,,WMHQPPQPLPPTVMFPPQSVL,Anti-hypertensive;Antioxidant
FMDB1576,,MHQPPQPLPPTVMFPPQSVL,Anti-hypertensive;Antioxidant
FMDB1577,,HQPPQPLPPTVMFPPQSVL,Anti-hypertensive;Antioxidant;Anti-microbial
FMDB1578,,YQEPVLGPVRGPFPI,Anti-hypertensive;Antioxidant;Anti-microbial
FMDB1579,,QEPVLGPVRGPFPILV,Anti-hypertensive;Antioxidant
FMDB1580,,QEPVLGPVRGPFPI,Anti-hypertensive;Antioxidant
FMDB1581,,PVLGPVRGPFPI,Anti-hypertensive;Antioxidant
FMDB1582,,LGPVRGPFPI,Anti-hypertensive;Antioxidant
FMDB1583,,TDAPSFSDIPNPIGSENSGK,Anti-hypertensive;Antioxidant
FMDB1584,,DIPNPIGSENSGKTTMPLW,Anti-hypertensive;Antioxidant;Anti-microbial
FMDB1585,,IPNPIGSENSGKIT,Anti-hypertensive;Antioxidant
FMDB1586,,NAGPFTPTVNR,Anti-hypertensive;Antioxidant
FMDB1587,,YQGPIVLNPWDQVKR,Anti-hypertensive;Antioxidant
FMDB1588,,YQGPIVLNPWDQVK,Anti-hypertensive;Antioxidant
FMDB1589,,GPIVLNPWDQVKR,Anti-hypertensive;Antioxidant
FMDB1590,,VLNPWDQVKR,Anti-hypertensive;Antioxidant
FMDB1756,26616950;1169462,YQEPVLGPVRGPFPIIV,Anti-microbial;Antithrombotic;Immunomodulatory;Antioxidant
FMDB1757,26616950;1169462,YQEPVLGPVRGPFPIIV,Anti-microbial;Antithrombotic;Immunomodulatory;Antioxidant
FMDB1758,26616950;1169462,YQEPVLGPVRGPFPIIV,Anti-microbial;Antithrombotic;Immunomodulatory;Antioxidant
FMDB1759,26616950;1169462,YQEPVLGPVRGPFPIIV,Anti-microbial;Antithrombotic;Immunomodulatory;Antioxidant
FMDB1782,26616950,VYPFPGPIPN,Antioxidant
FMDB189,,KVLPVPQ,Anti-hypertensive;Antioxidant
FMDB190,,VPYPQR,Antioxidant;Anti-hypertensive
FMDB194,,PVRGLHP,Antioxidant
FMDB1966,,SGYYMH,Antioxidant
FMDB1967,,LGTFQN,Antioxidant
FMDB1968,,LHALLL,Antioxidant
FMDB205,22103626; 17430184,VKEAMAPK,Antioxidant
FMDB2090,23871374;15030202,VLSLSQSKVLPVPQK,Antioxidant
FMDB2092,23871374;15030202,VLSLSQSKVLPVPQKAVPYPQRDMPIQA,Antioxidant
FMDB2119,,VKEAMAPK,Antioxidant
FMDB2120,,HIQKEDVPSER,Antioxidant
FMDB2121,,ARHPHPHLSFM,Antioxidant
FMDB30,17430184,ARHPHPHLSFM,Antioxidant
FMDB322,22103626,PYVRYL,Ace-inhibitory;Antioxidant
FMDB379,24135669;11170591,VLPVPQK,Ace-inhibitory;Antioxidant
FMDB705,22156436,MAPAAVAAAEAGSK,Antioxidant
FMDB706,22156436,DNIPIVIR,Antioxidant
FMDB707,22156436,AIAGAGVLSGYDQLQILFFGK,Antioxidant
FMDB708,22156436,GNQEKVLELVQR,Antioxidant
FMDB709,22156436,PAGSAAGAAP,Antioxidant
FMDB710,22156436,EALEAMFL,Antioxidant
FMDB711,22156436,AAGAAAAARSAGQCGR,Antioxidant
FMDB712,22156436,ITFAAYRR,Antioxidant
FMDB713,22156436,HPVPPKKK,Antioxidant
FMDB714,22156436,VFVDEGLEVLGWRPVPFNVSVVGRNAK,Antioxidant
FMDB715,22156436,RLSLPAGAPVTVAVSP,Antioxidant
FMDB716,22156436,NANGELCPNNMCCSQWGYCGLGSEFCGNGCQSGACCPEK,Antioxidant
FMDB717,22156436,LCPVHRAADL,Antioxidant
FMDB718,22156436,PAEMVAAALDR,Antioxidant
FMDB719,22156436,KVALMSAGSMH,Antioxidant
FMDB720,22156436,DLADIPQQQRLMAGLALVVATVIFLK,Antioxidant
FMDB721,22156436,KNGSIFNSPSATAATIIHGHNYSGLAYLDFVTSK,Antioxidant
FMDB722,22156436,GTIFFSQEGDGPTSVTGSVSGLKPGLHGFHVHALGDTTNGCMSTGPHFNPTGK,Antioxidant
FMDB723,22156436,YEWEPTVPNFDVAKDVTDM,Antioxidant
FMDB724,22156436,GVSNAAVVAGGH,Antioxidant
FMDB725,22156436,DAQEFKR,Antioxidant
FMDB726,22156436,PPGPGPGPPPPPGAAGRGGGG,Antioxidant
FMDB727,22156436,HKEMQAIFDVYIMFIN,Antioxidant
FMDB728,22156436,TGGGSTSSSSSSSSSLGGGASRGSVVEAAPPATQGAAAANAPAVPVVVVDTQEAGIR,Antioxidant
FMDB729,22156436,DTAAGYVAPPDPAVSTGDYGLAGAEAPHPHESAVMSGAAAAAVAPGGEAYTR,Antioxidant
FMDB739,,APFPEVFGKEKVNEL,Antioxidant
FMDB744,,EPVLGPVRGPFP,Immunomodulatory;Antioxidant;Anti-microbial
FMDB745,,EPVLGPVRGPFPI,Immunomodulatory;Antioxidant;Anti-microbial
FMDB747,,GVSKVKEAMAPKH,Antioxidant
FMDB749,,KVLPVPQK,Antioxidant;Anti-hypertensive
FMDB762,,QEPVLGPVRGPFPIIV,Ace-inhibitory;Antioxidant;Anti-microbial
FMDB763,,SKVLPVPQKAVPYPQ,Antioxidant;Anti-microbial
FMDB774,,YQEPVLGPVRGPFPIIV,Ace-inhibitory;Antioxidant;Immunomodulatory;Anti-microbial
FMDB969,,KVLPVPQ,Ace-inhibitory;Antioxidant
FMDB972,,VAPFPGVFGK,Antioxidant
FMDB974,,HLPLPL,Antioxidant
FMDB977,,GPVRGPFPII,Antioxidant
FMDB979,,NQE,Antioxidant
FMDB981,,AKYIPIQYVLSRYPSY,Antioxidant
FMDB983,,IPIQYVL,Antioxidant
FMDB985,,PPK,Antioxidant
FMDB986,,IHH,Antioxidant
FMDB987,,VVH/N,Antioxidant
FMDB988,,LVP,Antioxidant
FMDB989,,L/VKRP,Antioxidant
FMDB26,27435541.0,IPP,Cholestrol-lowering
FMDB27,27435541.0,VPP,Cholestrol-lowering
FMDB28,27435541.0,IPP,Cholestrol-lowering
FMDB29,27435541.0,VPP,Cholestrol-lowering
FMDB39,,DDQNPH,Anti-hypertensive;Cholestrol-lowering
FMDB40,,LDDDLTDDI,Anti-hypertensive;Cholestrol-lowering
FMDB41,,YPSYGL,Anti-hypertensive;Cholestrol-lowering
FMDB42,,HPHPHLSFMAIPP,Anti-hypertensive;Cholestrol-lowering
FMDB43,,YDTQAIVQ,Anti-hypertensive;Cholestrol-lowering
FMDB44,,DDDLTDDIMCV,Anti-hypertensive;Cholestrol-lowering
FMDB45,,YPSYG,Anti-hypertensive;Cholestrol-lowering
FMDB46,,AESIS,Anti-hypertensive;Cholestrol-lowering
FMDB47,,SITRINK,Anti-hypertensive;Cholestrol-lowering
FMDB48,,HIQKEDVPS,Anti-hypertensive;Cholestrol-lowering
FMDB49,,TVQVTSTAV,Anti-hypertensive;Cholestrol-lowering
FMDB50,,NAVPITPTLN,Anti-hypertensive;Cholestrol-lowering
FMDB51,,SLPQNIPPL,Anti-hypertensive;Cholestrol-lowering
FMDB52,,QEPVLGPVRGPFPIIV,Anti-hypertensive;Cholestrol-lowering
FMDB53,,GPVRGPFPIIV,Anti-hypertensive;Cholestrol-lowering
FMDB54,,YIPIQYVLS,Anti-hypertensive;Cholestrol-lowering
FMDB55,,TVQVTSTAV,Anti-hypertensive;Cholestrol-lowering
FMDB56,,PEINTVQVTSTAV,Anti-hypertensive;Cholestrol-lowering
FMDB57,,GYLAVA,Anti-hypertensive;Cholestrol-lowering
FMDB58,,DVENLHLPLPLL,Anti-hypertensive;Cholestrol-lowering
FMDB59,,YPSYGL,Anti-hypertensive;Cholestrol-lowering
FMDB60,,ENGEC,Anti-hypertensive;Cholestrol-lowering
FMDB61,,TVQVTSTAV,Anti-hypertensive;Cholestrol-lowering
FMDB62,,GPVRGPFPIIV,Anti-hypertensive;Cholestrol-lowering
FMDB63,,TDDIMCVK,Anti-hypertensive;Cholestrol-lowering
FMDB186,,KRKEMPLLQSPV,Cytomodulatory
FMDB740,,AQTQSLVYPFPGPIPK,Opioid;Immunomodulatory;Cytomodulatory
FMDB756,,MAPKHKEMPFPKYPVEPF,Ace-inhibitory;Cytomodulatory
FMDB135,26996626; 20397193,LYQEPVLGPVRGPFPIIV,Immunomodulatory
FMDB136,26996626; 20397193,LYQEPVLGPVRGPFPIIV,Immunomodulatory
FMDB137,26996626; 20397193,LYQEPVLGPVRGPFPIIV,Immunomodulatory
FMDB138,26996626; 20397193,LYQEPVLGPVRGPFPIIV,Immunomodulatory
FMDB1756,26616950;1169462,YQEPVLGPVRGPFPIIV,Anti-microbial;Antithrombotic;Immunomodulatory;Antioxidant
FMDB1757,26616950;1169462,YQEPVLGPVRGPFPIIV,Anti-microbial;Antithrombotic;Immunomodulatory;Antioxidant
FMDB1758,26616950;1169462,YQEPVLGPVRGPFPIIV,Anti-microbial;Antithrombotic;Immunomodulatory;Antioxidant
FMDB1759,26616950;1169462,YQEPVLGPVRGPFPIIV,Anti-microbial;Antithrombotic;Immunomodulatory;Antioxidant
FMDB1799,26616950,PGPIPN,Immunomodulatory
FMDB1800,26616950;1427989,LYQEPVLGPVRGPFPIIV,Immunomodulatory
FMDB1801,26616950;1427989,LYQEPVLGPVRGPFPIIV,Immunomodulatory
FMDB1802,26616950;1427989,LYQEPVLGPVRGPFPIIV,Immunomodulatory
FMDB1803,26616950;1427989,LYQEPVLGPVRGPFPIIV,Immunomodulatory
FMDB192,,QEPVPDPVRGLHP,Immunomodulatory
FMDB240,22103626;8201050;17407211,LLYQEPVLGPVRGPFPIIV,Ace-inhibitory;Immunomodulatory
FMDB241,22103626;8201050;17407211,LLYQEPVLGPVRGPFPIIV,Ace-inhibitory;Immunomodulatory
FMDB242,22103626;8201050;17407211,LLYQEPVLGPVRGPFPIIV,Ace-inhibitory;Immunomodulatory
FMDB243,22103626;8201050;17407211,LLYQEPVLGPVRGPFPIIV,Ace-inhibitory;Immunomodulatory
FMDB244,22103626;8201050;17407211,LLYQEPVLGPVRGPFPIIV,Ace-inhibitory;Immunomodulatory
FMDB245,22103626;8201050;17407211,LLYQEPVLGPVRGPFPIIV,Ace-inhibitory;Immunomodulatory
FMDB246,22103626;8201050;17407211,LLYQEPVLGPVRGPFPIIV,Ace-inhibitory;Immunomodulatory
FMDB247,22103626;8201050;17407211,LLYQEPVLGPVRGPFPIIV,Ace-inhibitory;Immunomodulatory
FMDB248,22103626;8201050;17407211,LLYQEPVLGPVRGPFPIIV,Ace-inhibitory;Immunomodulatory
FMDB249,22103626;8201050;17407211,LLYQEPVLGPVRGPFPIIV,Ace-inhibitory;Immunomodulatory
FMDB280,22103626;11694622,YQEPVLGPVRGPFPIIV,Immunomodulatory;Antibacterial
FMDB281,22103626;11694622,YQEPVLGPVRGPFPIIV,Immunomodulatory;Antibacterial
FMDB282,22103626;11694622,YQEPVLGPVRGPFPIIV,Immunomodulatory;Antibacterial
FMDB283,22103626;11694622,YQEPVLGPVRGPFPIIV,Immunomodulatory;Antibacterial
FMDB284,22103626;11694622,YQEPVLGPVRGPFPIIV,Immunomodulatory;Antibacterial
FMDB285,22103626;11694622,YQEPVLGPVRGPFPIIV,Immunomodulatory;Antibacterial
FMDB286,22103626;11694622,YQEPVLGPVRGPFPIIV,Immunomodulatory;Antibacterial
FMDB287,22103626;11694622,YQEPVLGPVRGPFPIIV,Immunomodulatory;Antibacterial
FMDB288,22103626;11694622,YQEPVLGPVRGPFPIIV,Immunomodulatory;Antibacterial
FMDB289,22103626;11694622,YQEPVLGPVRGPFPIIV,Immunomodulatory;Antibacterial
FMDB333,22103626;8603791,RPKHPIKHQGLPQEVLNENLLRF,Immunomodulatory;Antibacterial
FMDB334,22103626;8603791,RPKHPIKHQGLPQEVLNENLLRF,Immunomodulatory;Antibacterial
FMDB335,22103626;8603791,RPKHPIKHQGLPQEVLNENLLRF,Immunomodulatory;Antibacterial
FMDB336,22103626;8603791,RPKHPIKHQGLPQEVLNENLLRF,Immunomodulatory;Antibacterial
FMDB734,,RPKQPIKHQGLPQ,Immunomodulatory;Anti-microbial
FMDB735,,RPKQPIKHQGLPQGVL,Immunomodulatory;Anti-microbial
FMDB736,,RPKQPIKHQGLPQG,Immunomodulatory;Anti-microbial
FMDB740,,AQTQSLVYPFPGPIPK,Opioid;Immunomodulatory;Cytomodulatory
FMDB744,,EPVLGPVRGPFP,Immunomodulatory;Antioxidant;Anti-microbial
FMDB745,,EPVLGPVRGPFPI,Immunomodulatory;Antioxidant;Anti-microbial
FMDB774,,YQEPVLGPVRGPFPIIV,Ace-inhibitory;Antioxidant;Immunomodulatory;Anti-microbial
FMDB961,,KTTMPLW,Ace-inhibitory;Immunomodulatory
FMDB976,,GPVRGPFPII,Ace-inhibitory;Immunomodulatory
FMDB226,22103626;11170591,KVLPVPQK,LOX inhibitor
FMDB227,22103626;11170591,KVLPVPQK,LOX inhibitor
FMDB228,22103626;11170591,KVLPVPQK,LOX inhibitor
FMDB229,22103626;11170591,KVLPVPQK,LOX inhibitor
FMDB250,22103626;1427989,LYQEPVLGPVRGPFPIIV,Mitogene
FMDB251,22103626;1427989,LYQEPVLGPVRGPFPIIV,Mitogene
FMDB252,22103626;1427989,LYQEPVLGPVRGPFPIIV,Mitogene
FMDB253,22103626;1427989,LYQEPVLGPVRGPFPIIV,Mitogene
FMDB254,22103626;1427989,LYQEPVLGPVRGPFPIIV,Mitogene
FMDB255,22103626;1427989,LYQEPVLGPVRGPFPIIV,Mitogene
FMDB256,22103626;1427989,LYQEPVLGPVRGPFPIIV,Mitogene
FMDB257,22103626;1427989,LYQEPVLGPVRGPFPIIV,Mitogene
FMDB258,22103626;1427989,LYQEPVLGPVRGPFPIIV,Mitogene
FMDB259,22103626;1427989,LYQEPVLGPVRGPFPIIV,Mitogene
FMDB1751,26616950;12058981,YPFPGPI,Opioid agonist
FMDB1752,26616950;12058981,YPFPGPI,Opioid agonist
FMDB1753,26616950;12058981,YPFPGPI,Opioid agonist
FMDB1754,26616950;12058981,YPFPGPI,Opioid agonist
FMDB1775,26616950;10503774,YPVEPF,Opioid
FMDB1776,26616950;10503774,YPVEPF,Opioid
FMDB1778,26616950,YPSYGLN,Opioid antagonist
FMDB1780,26616950;10503774,YPFPGPIPN,Opioid
FMDB1781,26616950;10503774,YPFPGPIPNSLPQ,Opioid
FMDB197,,YFPIQFVQSR,Casoxin C (Opioid antagonist)
FMDB198,,YPSYGIN,CasoxinA (Opioid antagonist)
FMDB740,,AQTQSLVYPFPGPIPK,Opioid;Immunomodulatory;Cytomodulatory
FMDB753,,LVYPFPGPIPK,Opioid
FMDB754,,LVYPFPGPIPKSLPQ,Opioid
FMDB755,,LVYPFPGPIPKSLPQN,Opioid
FMDB766,,SLVYPFPGPIPKSLPQ,Opioid;Anti-hypertensive
FMDB771,,YPFPGPIPK,Opioid
